"conversation_id_str","created_at","favorite_count","full_text","id_str","image_url","in_reply_to_screen_name","lang","location","quote_count","reply_count","retweet_count","tweet_url","user_id_str","username"
"1901933401986482568","Tue Mar 18 09:47:13 +0000 2025","23885","Turun sekarang sebelum terlambat. @prabowo @gibran_tweet Pilih mundur sekarang dan kabur saja dari Indonesia sambil menanggung malu dan dosa yang masih sedikit atau maju terus sebagai presiden (diktator) yang mematikan total satu Indonesia? Rasa sakit nanti amat panjang. https://t.co/ilWFNwzjxu","1901933401986482568","https://pbs.twimg.com/amplify_video_thumb/1901933312425488384/img/OzZPwN3Yx4bZ4wMb.jpg","","in","Alone with the Alone","301","372","8336","https://x.com/Kodokodar/status/1901933401986482568","1263992626723696640","Kodokodar"
"1902550244065472726","Thu Mar 20 02:38:20 +0000 2025","1099","Banyak teman-teman yg #TolakRUUTNI #TolakDwifungsiABRI heran dgn kejadian pagi ini gedung DPR yg banyak di jaga tentara mereka bertanya apa rezim ingin perang dgn rakyat? Mereka lupa presiden saat ini adlh Prabowo yg menurut @kangdede78 adlh pembunuh penculik dan pelanggar https://t.co/Bf8APm5Hi0","1902550244065472726","https://pbs.twimg.com/ext_tw_video_thumb/1902550097520705536/pu/img/NIbUw-9ZWm8KXA5p.jpg","","in","Indonesia","19","116","489","https://x.com/Anak__Ogi/status/1902550244065472726","1356517931887120384","Anak__Ogi"
"1902578069271101443","Thu Mar 20 04:28:54 +0000 2025","5630","PUAS LO SEMUA YANG PENGEN PILIH PRESIDEN MILITER???","1902578069271101443","","","in","Wallachia","57","42","1486","https://x.com/necromanticcs/status/1902578069271101443","1307076292794224640","necromanticcs"
"1902660923359469787","Thu Mar 20 09:58:08 +0000 2025","192","#TimnasDay https://t.co/5ATjlkTpc1","1902660923359469787","https://pbs.twimg.com/media/GmecBuwagAAJMlU.jpg","","qme","BARUS  ","5","21","56","https://x.com/PresidenKopi/status/1902660923359469787","1021329195329179648","PresidenKopi"
"1902153731120271613","Wed Mar 19 00:22:44 +0000 2025","990","Pesan Cinta Untuk Presiden Prabowo Dari Seorang Srikandi Yang Mencintai Negeri Ini... https://t.co/41W6JUc7uH","1902153731120271613","https://pbs.twimg.com/ext_tw_video_thumb/1902153607719620608/pu/img/PNfXYfbF_o4d7RoN.jpg","","in","","17","58","474","https://x.com/Bang_Ramzan/status/1902153731120271613","1433433068283392007","Bang_Ramzan"
"1902630075545313600","Thu Mar 20 07:55:33 +0000 2025","28247","rangkuman berita indo yang gua inget taun 2025 ini: - presiden anti kritik omon2 ketinggalan jaman - mantan presiden kita finalis occrp - wapres planga-plongo jadi juri lomba AI pula - korupsi dimana-mana (paling tinggi nyentuh 5 9 kuadrilliun) - koruptor hukuman nya lemah","1902630075545313600","","","in","","916","198","15349","https://x.com/Dwynna_Win/status/1902630075545313600","614218980","Dwynna_Win"
"1902586472827330771","Thu Mar 20 05:02:18 +0000 2025","17244","semoga seluruh dosa dan kesengsaraan rakyat indonesia di akhirat kelak dilimpahkan ke presiden yang zolim wapres yang planga-plongo dewan pengkhianat rakyat dan seluruh jajaran parlemen yang nggak pernah berpihak sama sipil. aamiin.","1902586472827330771","","","in","bukan mendikbud","205","256","10354","https://x.com/dustheria/status/1902586472827330771","1613791600358092803","dustheria"
"1901626324042781139","Mon Mar 17 13:27:00 +0000 2025","14","RUU TNI yang dilakukan pemerintah dan panja DPR turut disorot media asing. RUU TNI yang dibahas di awal kepemimpinan Presiden Prabowo ini dikhawatirkan bisa menguasai sejumlah jabatan di pemerintahan. Satu media asing yang turut memberitakan ialah The Straits Times. (ist) https://t.co/mjYF5MiSvN","1901626324042781139","https://pbs.twimg.com/ext_tw_video_thumb/1901587738333532161/pu/img/wHUys_H_v5AJ_L3j.jpg","","in","Indonesia","0","2","6","https://x.com/tribunnews/status/1901626324042781139","124171593","tribunnews"
"1902669914319851902","Thu Mar 20 10:33:52 +0000 2025","206","Nunggu babak kedua STY jajan takjil dulu pemirsah. Mungkin dia sambil cengar cengir nonton timnas #KluivertOut ET Cabut. https://t.co/W27rfpQmu7","1902669914319851902","https://pbs.twimg.com/media/GmekNCva8AAS3cB.jpg","","in","BARUS  ","0","5","19","https://x.com/PresidenKopi/status/1902669914319851902","1021329195329179648","PresidenKopi"
"1902125112385794216","Tue Mar 18 22:29:01 +0000 2025","2","Bang jago nya ditangkap..kumpulan genk motor yg membantai korban di minimatket bandung beberapa hari lalu. https://t.co/N93XWBwS36","1902125112385794216","https://pbs.twimg.com/ext_tw_video_thumb/1902104191864283136/pu/img/r7xezk5FFajxaNa0.jpg","","in","BARUS  ","1","5","0","https://x.com/PresidenKopi/status/1902125112385794216","1021329195329179648","PresidenKopi"
"1902112624084713751","Tue Mar 18 21:39:23 +0000 2025","330","Pada Era Kepemimpinan Presiden Gus Dur Dwifungsi ABRI sudah dihapus mengapa sekarang akan dibangkitkan kembali? #TOLAKRUUTNI https://t.co/FEIQFgSTbY","1902112624084713751","https://pbs.twimg.com/media/GmWpWXkaUAA4gAr.jpg","","in","","6","13","157","https://x.com/NUCreativeMedia/status/1902112624084713751","821577899337650176","NUCreativeMedia"
"1902584761711030651","Thu Mar 20 04:55:30 +0000 2025","16938","si prabowo kambing itu jadi presiden demi kasih kerjaan buat temen-temennya awokwowk tentara tolol","1902584761711030651","","","in","she/her ","185","72","5496","https://x.com/dustclavier/status/1902584761711030651","1384610743618654212","dustclavier"
"1901999032014446632","Tue Mar 18 14:08:01 +0000 2025","136","Salah satu alasan kenapa asing tidak mau Indonesia bangkit dari keterpurukan. Karena jika bangsa ini sadar tentunya gak mau diatur dan cuma dijadikan pion saja Sebelum IHSG mengalami trading halt presiden @prabowo sudah mengatakan progam2 beliau akan dihambat... Dan terbukti https://t.co/PZxIGrvKfT","1901999032014446632","https://pbs.twimg.com/media/GmVCB6FaIAENbQS.jpg","","in","","36","301","56","https://x.com/are_inismyname/status/1901999032014446632","1152447574411902977","are_inismyname"
"1900201621776458200","Fri Mar 14 01:34:13 +0000 2025","1494","yang baru tau kalo presiden soekarno adalah mandor romusha sini kumpulll pidato soekarno ((menyemangati)) pekerja romusha https://t.co/KPSgb4Gp8h","1900359779941597384","https://pbs.twimg.com/amplify_video_thumb/1900359717890965504/img/QKRysyWASxQfk2Cd.jpg","awesomeposted","in","","68","21","201","https://x.com/awesomeposted/status/1900359779941597384","1547936519695978498","awesomeposted"
"1901572715552890936","Mon Mar 17 09:53:59 +0000 2025","228","Presiden omon-omon @prabowo #TolakRUUTNI https://t.co/SQccqF9lA4","1901572715552890936","https://pbs.twimg.com/ext_tw_video_thumb/1901572695621500928/pu/img/XVuLY_wfvHTdm-2b.jpg","","fi","Indonesia","7","19","135","https://x.com/yaniarsim/status/1901572715552890936","929287558281830400","yaniarsim"
"1902125468226052382","Tue Mar 18 22:30:26 +0000 2025","30","Berantam aja sama yg nyita. Apapun jadi kalo untuk hal ini. Capek nyicil hanya gara¬≤ gak punya duit bayar pajak malah mau disita. Ini negara apa memang niat mau ngerampok rakyatnya ???? https://t.co/UDm0XuFjJU","1902125468226052382","https://pbs.twimg.com/media/GmW1CHLa8AAQBLh.jpg","","in","BARUS  ","0","11","15","https://x.com/PresidenKopi/status/1902125468226052382","1021329195329179648","PresidenKopi"
"1901910091626082364","Tue Mar 18 08:14:36 +0000 2025","14"," Pak izin foto Pak. Kata Egy dengan sumringahnya. Ayok ayok ayok jawab Presiden semangat. https://t.co/4GBujiDEQf","1901910091626082364","https://pbs.twimg.com/media/GmTxJZGbwAEO0BQ.jpg","","in","Bekasi, Jawa Barat","4","22","3","https://x.com/zarryhendrik/status/1901910091626082364","1830674801473789954","zarryhendrik"
"1901977612160790882","Tue Mar 18 12:42:54 +0000 2025","20001","Kenapa cuitan ini dihapus Bang @NasbiHasan ? @pco_ri @Uki23 Apakah Anda sebagai Kepala Komunikasi Presiden menyesal telah menuduh pengkritik RUU TNI menyebarkan provokasi dan narasi bohong sehingga buzzer2 berdatangan ke akun saya? https://t.co/jXFwhBVcSv","1901977612160790882","https://pbs.twimg.com/media/GmUujbIaMAAZAaz.jpg","","in","","85","414","5529","https://x.com/realfedinuril/status/1901977612160790882","37414097","realfedinuril"
"1901967173704429605","Tue Mar 18 12:01:25 +0000 2025","103","Kembali Dimata Presiden Republik Indonesia Bapak Haji @prabowo Subianto Rakyat Hanyalah Pelengkap Dlm Tatanan Negara Mereka Hanya Koar Saat Kampanye Saja Rakyat Di Suguhkan MACAM RUU TNI ANJLOK BURSA EFEK INDONESIA Jelang Lebaran 2025 PHK Meledak https://t.co/2aplZxDybC https://t.co/ye4jCQhzzZ","1901967173704429605","https://pbs.twimg.com/media/GmUlDc4bwAAwgEQ.jpg","","in","Bandung, Jawa Barat","0","17","56","https://x.com/Konsisten6966/status/1901967173704429605","1606398139124289536","Konsisten6966"
"1902117643777442302","Tue Mar 18 21:59:20 +0000 2025","3377","Mahkamah Konstitusi sudah mengakui bahwa menteri desa Yandri Susanto cawe2 dalam pilkada untuk memenangkan istrinya Pertanyaannya: Mengapa @officialMKRI tidak mengakui ada mantan presiden cawe2 dalam pilpres utk memenangkan anaknya? Lha wong presiden terpilih aja dah ngaku https://t.co/ibU67RBqGl","1902117643777442302","https://pbs.twimg.com/ext_tw_video_thumb/1902117329808584707/pu/img/lL7c4RzXMvQHOeUy.jpg","","in","","4","23","1229","https://x.com/MurtadhaOne1/status/1902117643777442302","1178950184601935873","MurtadhaOne1"
"1901912462116716661","Tue Mar 18 08:24:01 +0000 2025","12","Wakil Presiden RI Gibran Rakabuming Raka ikut memberikan materi dalam workshop Artificial Intelligence atau AI di kalangan pelajar di Bogor Jawa Barat. Wakil Presiden RI Gibran Rakabuming Raka menghadiri workshop sosialisasi program Artificial Intelligence atau AI. Dalam https://t.co/XU8ORF1Fpk","1901912462116716661","https://pbs.twimg.com/ext_tw_video_thumb/1901912014513221632/pu/img/IarY7oBKsI9cq7CR.jpg","","in","Pulo Gadung, Indonesia","0","15","0","https://x.com/tvOneNews/status/1901912462116716661","55507370","tvOneNews"
"1901909886113624521","Tue Mar 18 08:13:47 +0000 2025","79","Belajar bahasa sunda instant https://t.co/6Ebi6RHQWW","1901909886113624521","https://pbs.twimg.com/ext_tw_video_thumb/1901909866920427520/pu/img/3ozsfepm-_u1WYMb.jpg","","in","Balikpapan. Indonesia","0","12","16","https://x.com/ismedBadjeber/status/1901909886113624521","185897268","ismedBadjeber"
"1901969383561556128","Tue Mar 18 12:10:12 +0000 2025","82","Detik detik BAHLIL ngembat Emas Batangan dan menyerahkannya ke Presiden Prabowo. Presiden Prabowo pun menolaknya. Karena kebiasaan kah ? https://t.co/f8UYEW1VMY","1901969383561556128","https://pbs.twimg.com/ext_tw_video_thumb/1901969360174133248/pu/img/WemtuP-fpA165HpH.jpg","","in","","4","9","36","https://x.com/RomitsuT/status/1901969383561556128","1038483432391634944","RomitsuT"
"1901890005418835972","Tue Mar 18 06:54:47 +0000 2025","14","Menyala Presiden ku ~ @are_inismyname https://t.co/pOc9uHq2jW","1901890005418835972","https://pbs.twimg.com/media/GmTRkx1bgAAmO4N.jpg","","in","","1","5","7","https://x.com/ronavioleta/status/1901890005418835972","485385284","ronavioleta"
"1901553662184575222","Mon Mar 17 08:38:16 +0000 2025","6","Pejabat negara seperti Presiden Wakil Presiden Menteri hingga anggota DPR akan menerima THR dan gaji ke-13 berdasarkan Peraturan Menteri Keuangan (PMK) No. 23 Tahun 2025. Pejabat di lembaga tinggi negara seperti MPR DPR DPD Mahkamah Agung Mahkamah Konstitusi hingga Badan https://t.co/zMQKCgqar0","1901553662184575222","https://pbs.twimg.com/media/GmOsy1obcAAdGQK.jpg","","in","Jakarta","4","1","7","https://x.com/kompascom/status/1901553662184575222","23343960","kompascom"
"1902658721085555017","Thu Mar 20 09:49:23 +0000 2025","12","IHSG sejak Presiden baru dilantik hingga sekarang. . Tanda-tanda apa ini ? https://t.co/vvnfviXpaK","1902658721085555017","https://pbs.twimg.com/media/GmeaBVMaAAEqVdz.jpg","","in","Indonesia","0","6","5","https://x.com/hansssolo/status/1902658721085555017","219548433","hansssolo"
"1900692667123806673","Fri Mar 14 23:36:59 +0000 2025","14","Hantu laut siap mati untuk ibu pertiwi.. Jangankan hujan air.. hujan peluru dihadapi. https://t.co/rmQTruGBSW","1900692667123806673","https://pbs.twimg.com/ext_tw_video_thumb/1900692631149301760/pu/img/CclUH881VsaeAkJ0.jpg","","in","BARUS  ","0","15","3","https://x.com/PresidenKopi/status/1900692667123806673","1021329195329179648","PresidenKopi"
"1901476282862637509","Mon Mar 17 03:30:48 +0000 2025","1408","Demo Besar-besaran Terjadi di Serbia Warga Turun ke Jalan Tuntut Presiden Aleksandar Vucic Demonstrasi ini bermula dari kekecewaan masyarakat terhadap pemerintah yang dinilai semakin tenggelam dalam korupsi. https://t.co/rSQ2HMVlY7","1901476282862637509","https://pbs.twimg.com/ext_tw_video_thumb/1901476232547676161/pu/img/5TmeWK6QuBpXwbdX.jpg","","in","","27","101","547","https://x.com/DS_yantie/status/1901476282862637509","1374686160748830724","DS_yantie"
"1901846898589286579","Tue Mar 18 04:03:29 +0000 2025","2548","berat-berat sejak pelantikan presiden @prabowo https://t.co/O6Pv3sH6vA","1901846898589286579","https://pbs.twimg.com/media/GmS3q0maQAAgQYE.jpg","","in","Bogor Selatan, Indonesia","37","158","649","https://x.com/saiful_mujani/status/1901846898589286579","1515689815","saiful_mujani"
"1901505724720533634","Mon Mar 17 05:27:47 +0000 2025","51","Genk motor BRIGEZ .... @Divpropam https://t.co/Cv0TFQ6TpY https://t.co/POnFWMvLyH","1901505724720533634","https://pbs.twimg.com/media/GmOBYUaa4AAcy82.jpg","","nl","BARUS  ","2","11","15","https://x.com/PresidenKopi/status/1901505724720533634","1021329195329179648","PresidenKopi"
"1902543884221043083","Thu Mar 20 02:13:04 +0000 2025","53784","Kudeta militer di Korea 2024: DPR &amp; rakyat bersatu melawan Presiden &amp; militer Di Konoha 2025: DPR bersatu dengan militer melawan rakyat","1902543884221043083","","","in","Seoul, Republic of Korea","1438","410","29410","https://x.com/dhita_pedhe/status/1902543884221043083","2410552237","dhita_pedhe"
"1901854511989485795","Tue Mar 18 08:24:25 +0000 2025","8449","@IDX_BEI mau kondisi pasar membaik? kuncinya : - cancel danantara - cancel coretax - cancel RUU TNI - potong stafsus + kementrian yang nggak perlu - potong wakil presiden yg cuma pencitraan","1901912561081340055","","IDX_BEI","in","in T.O.P and Reita's arm ü•π","122","97","2239","https://x.com/itsme_freyaa/status/1901912561081340055","357308656","itsme_freyaa"
"1901218088714121608","Sun Mar 16 10:24:49 +0000 2025","3488","SUNGGUH SUNGGUH MEMALUKAN ‚ÄºÔ∏è Kejahatan luar biasa RUPANYA INDONESIA PUNYA PRESIDEN IJAZAH PALSU !!! SATU INDONESIA DIPRANK https://t.co/7wexg33O5Y","1901218088714121608","https://pbs.twimg.com/ext_tw_video_thumb/1901217966567657472/pu/img/HXlR-qBJ3jRb5BzB.jpg","","in","","30","145","1688","https://x.com/Boediantar4/status/1901218088714121608","1383750727575605257","Boediantar4"
"1902075831494598847","Tue Mar 18 19:13:11 +0000 2025","29"," Cukup! Sudah cukup! Kami terlalu menderita! Perempuan itu bersama ratusan masyarakat adat dari berbagai daerah di Indonesia berkumpul di Merauke pada 11-14 Maret dalam acara Solidaritas Merauke untuk menyuarakan penolakan terhadap Proyek PSN warisan Presiden Jokowi. https://t.co/y8A0SchKm7","1902075831494598847","https://pbs.twimg.com/ext_tw_video_thumb/1902075598387961856/pu/img/GvpnO0VliAEEG0ag.jpg","","in","Indonesia","0","0","15","https://x.com/arwidodo/status/1902075831494598847","158162219","arwidodo"
"1902669496420278417","Thu Mar 20 10:32:12 +0000 2025","3","Spiderman pun datang demi perdamaian dunia #KluivertOutBahlil_in https://t.co/OsztY2XhTk","1902669496420278417","https://pbs.twimg.com/ext_tw_video_thumb/1902645045788069888/pu/img/sh8UaTfOSGYbWZLY.jpg","","in","BARUS  ","0","0","0","https://x.com/PresidenKopi/status/1902669496420278417","1021329195329179648","PresidenKopi"
"1902024189621735674","Tue Mar 18 15:47:59 +0000 2025","9","Benarkah ini rapor dari zionis lokalan ??? https://t.co/1btoVm1rKA","1902024189621735674","https://pbs.twimg.com/media/GmVY650akAEQbx5.jpg","","in","BARUS  ","0","5","1","https://x.com/PresidenKopi/status/1902024189621735674","1021329195329179648","PresidenKopi"
"1901973334230802857","Tue Mar 18 12:25:54 +0000 2025","236","Presiden kita kenapa begini amat sih..... Hidup Jokowi.... Hidup Jokowi.... https://t.co/3HaxDpg7Ne","1901973334230802857","https://pbs.twimg.com/media/GmUqqoCbMAAXygm.jpg","","in","","8","80","64","https://x.com/Bambangmulyonoo/status/1901973334230802857","1296312516901916672","Bambangmulyonoo"
"1901081033589837853","Sun Mar 16 01:20:13 +0000 2025","2843"," masih gak bisa gua maafin 02 voters. gara-gara pilihan presiden kalian ini malah menyengsarakan masyarakat. setiap hari ada aja gebrakan prabowo dan antek-anteknya. #Ô∏è‚É£TolakRUUTNI https://t.co/PFK0aaEs6q","1901081033589837853","https://pbs.twimg.com/media/GmH_H-BW4AAu7NZ.jpg","","in","Indonesia","20","54","507","https://x.com/tanyakanrl/status/1901081033589837853","1331650559518990336","tanyakanrl"
"1901968787555135949","Tue Mar 18 12:07:50 +0000 2025","609","Buzzer gak bisa apa2 kalau presiden sudah cuek menanggapi ini Prabowo seperti bilang... Kalian mau apa... Pemilihku gak butuh saham.. mereka butuh bansos Wkwkwkwkwkwk https://t.co/ialCiGTeXv","1901968787555135949","https://pbs.twimg.com/media/GmUmiGdagAA8EM7.jpg","","in","Sidoarjo ---- Malang Kota","10","152","166","https://x.com/FayaAtika/status/1901968787555135949","1450733210074161153","FayaAtika"
"1901581948889489659","Mon Mar 17 10:30:40 +0000 2025","10","Presiden Prabowo Subianto meresmikan fasilitas pemurnian lumpur atau smelter Precious Metal Refinery (PMR) milik PT Freeport Indonesia (PTFI) di Gresik Jawa Timur. #bisnisupdate #update #bisnis #oneliner https://t.co/1HT4ZDQVfE","1901581948889489659","https://pbs.twimg.com/media/GmPGkSuXwAAduLC.jpg","","in","","0","2","2","https://x.com/kumparan/status/1901581948889489659","759692754985242625","kumparan"
"1901837035553657340","Tue Mar 18 03:24:18 +0000 2025","3826","Sesungguhnya atau hanya saya yang merasa ya Kalau Presiden Prabowo itu tidak populer di mata rakyatnya ya? Udah 5 bulan berlalu tapi seperti beliau itu jauuuuh..... Apakah karena menangnya sebetulnya cuma 35% (yang artinya ya tidak menang) Yang jelas Tim Media dan","1901837035553657340","","","in","","30","378","863","https://x.com/DokterTifa/status/1901837035553657340","1502822366946402304","DokterTifa"
"1902649924921028701","Thu Mar 20 09:14:26 +0000 2025","364","GW GA PAHAM UDAH SECHAOS INI TEMEN GW MASIH NYALAHIN KITA WARGA X FUCK YALL KALO EMANG MENURUT KALIAN PRESIDEN LU BAIK COBA JABARKAN BAIKNYA DIMANA ANJIRRR JANGAN CUMA ANGAN2 DOANG KAN KITA BELUM TAU KEDEPANNYA KEDEPANNYA UDH SURAM BGT KOCAKK?? APASIH YG MASIH LU BELA?? https://t.co/nbNwoCzmty","1902649924921028701","https://pbs.twimg.com/media/GmeSA3ba0AA-IHQ.jpg","","in","infp // 20","31","103","69","https://x.com/wantwo_o/status/1902649924921028701","1599291262854565888","wantwo_o"
"1902341636203634692","Wed Mar 19 12:49:24 +0000 2025","25","Korban tawuran jl. Halat medan 18 maret 2025.. Akibat kurang baca jadinya tembus. https://t.co/xMdLCWs5C0","1902341636203634692","https://pbs.twimg.com/ext_tw_video_thumb/1902341620751855618/pu/img/_iW8nvXrS2QnvZW7.jpg","","in","BARUS  ","2","7","3","https://x.com/PresidenKopi/status/1902341636203634692","1021329195329179648","PresidenKopi"
"1900489824517464488","Fri Mar 14 10:10:58 +0000 2025","15","Banyaknya peminat yang ingin menjadi bagian dari Aparatur Sipil Negara (ASN) atau pegawai negeri mencuri perhatian Presiden Prabowo Subianto. Saat meresmikan mekanisme baru penyaluran tunjangan untuk guru ASN di Jakarta Prabowo mengatakan birokrat yang tidak mau mengikuti https://t.co/qgHhbUTWq9","1900489824517464488","https://pbs.twimg.com/media/Gl_lWJOaYAAsD-U.jpg","","in","Jakarta","3","18","9","https://x.com/kompascom/status/1900489824517464488","23343960","kompascom"
"1900955501028143498","Sat Mar 15 17:01:24 +0000 2025","147","Biawak betina yg menghina Presiden Prabowo &amp; Wapres Mas Gibran udah ketakutan sampe kunci akunnya https://t.co/9CSTcabLbK","1900955501028143498","https://pbs.twimg.com/media/GmGMEIHbcAIUU6Y.png","","in","","2","30","43","https://x.com/tham878/status/1900955501028143498","1759100655783043072","tham878"
"1902450609925583071","Wed Mar 19 20:02:25 +0000 2025","113","Buat teman¬≤ brigez jangan brigez¬≤an . Kalo udah ketangkep jadi kucing. Meong meong https://t.co/syeyH4UZwI","1902450609925583071","https://pbs.twimg.com/ext_tw_video_thumb/1902420017851101185/pu/img/qwuKhVtXaFwpqB-S.jpg","","in","BARUS  ","5","34","50","https://x.com/PresidenKopi/status/1902450609925583071","1021329195329179648","PresidenKopi"
"1900441772435652876","Fri Mar 14 07:00:01 +0000 2025","4","Presiden Prabowo udah ngumumin THR ASN TNI/POLRI hingga pensiunan bakal cair pada Senin 17 Maret. Ô∏è‚Å£ ‚Å£ THR itu terdiri dari beberapa komponen. Apa saja? Yuk geser slidenya ‚Å£ ‚Å£ &gt;&gt; https://t.co/Hgo00SFgez #THR #ASN #TNI #Polri #Lebaran2025 #IdulFitri #Insentif https://t.co/1aczQOUZk9","1900441772435652876","https://pbs.twimg.com/media/Gl78ym0asAAw3Or.jpg","","in","Jakarta, Indonesia","0","1","1","https://x.com/detikfinance/status/1900441772435652876","135795460","detikfinance"
"1901988710377197953","Tue Mar 18 13:27:00 +0000 2025","245","Presiden Prabowo ditawari emas batangan oleh pihak PT Freeport namun ditolak. Bahkan emas yang dibawa oleh Menteri ESDM Bahlil Lahadalia langsung diambil presiden dan dikembalikan ke tempatnya. Hal ini mengundang gelak tawa termasuk Menteri BUMN Erick Tohir. (ist) https://t.co/J0Z4sC3FrW","1901988710377197953","https://pbs.twimg.com/ext_tw_video_thumb/1901960496401793024/pu/img/dwvBIEV0KszQfGKu.jpg","","in","Indonesia","38","170","43","https://x.com/tribunnews/status/1901988710377197953","124171593","tribunnews"
"1902663838211915937","Thu Mar 20 10:09:43 +0000 2025","26","Buaya ngaceng #KluivertOut https://t.co/vzLf38O6W1","1902663838211915937","https://pbs.twimg.com/ext_tw_video_thumb/1891172607757574144/pu/img/rKiOEsG-mALYRkxj.jpg","","in","BARUS  ","0","7","3","https://x.com/PresidenKopi/status/1902663838211915937","1021329195329179648","PresidenKopi"
"1901460163120484580","Mon Mar 17 02:26:44 +0000 2025","228","MENOLAK PIKUN ! Sebelum jadi Presiden Bijaksana. Setelah jadi Presiden Bijaksini. https://t.co/sFczVxMLuU","1901460163120484580","https://pbs.twimg.com/ext_tw_video_thumb/1901460088956858368/pu/img/y01vssSileK7Th_K.jpg","","in","Cengkareng, Indonesia","1","12","108","https://x.com/NenkMonica/status/1901460163120484580","1040306964100669440","NenkMonica"
"1902258862566338871","Wed Mar 19 07:20:29 +0000 2025","27","Tini pelestari owa jawa.. https://t.co/6hU8RfJutj","1902258862566338871","https://pbs.twimg.com/ext_tw_video_thumb/1900856838926856193/pu/img/9SMa67v_cnxgGq25.jpg","","in","BARUS  ","0","3","4","https://x.com/PresidenKopi/status/1902258862566338871","1021329195329179648","PresidenKopi"
"1900771398282248568","Sat Mar 15 04:49:50 +0000 2025","13615","Loh bukannya sedang EFISIENSI? Kata Presiden ga boleh seminar rapat FGD di luar kantor. Kok ini bisa sewa HOTEL BINTANG 5? EFISIENSI kok pilih2 Makin keliatan efisiensinya bukan untuk RAKYAT tapi memang APBN-nya GAADA UANG buat Danantara dan MBG jadi harus potong sana-sini","1900771398282248568","","","in","Tax Haven","106","123","7846","https://x.com/txtdaritax/status/1900771398282248568","1547362092684288000","txtdaritax"
"1901929950565044413","Tue Mar 18 09:33:31 +0000 2025","592","Prabowo : Presiden Gibran : Wapres Pajangan Dasco : Perdana Menteri (de facto) https://t.co/HihhmB1nqg","1901929950565044413","https://pbs.twimg.com/media/GmUDGJxbcAAIswl.jpg","","es","Warteg","8","49","229","https://x.com/BosPurwa/status/1901929950565044413","1068371293290946561","BosPurwa"
"1900876698910097510","Sat Mar 15 11:48:16 +0000 2025","11","Menteri ESDM Bahlil Lahadalia mengatakan akan meminta arahan Presiden Prabowo Subianto terkait izin usaha pertambangan (IUP) ke pesantren. Ketua Umum (Ketum) Partai Golkar ini mengatakan bahwa izin kelola tambang belum sampai ke ranah pesantren Jawa Barat Sabtu (15/3/2025). https://t.co/LYcXvVRyIE","1900876698910097510","https://pbs.twimg.com/media/GmFFPABasAAdybx.jpg","","in","Jakarta","1","16","4","https://x.com/kompascom/status/1900876698910097510","23343960","kompascom"
"1902353641073520794","Wed Mar 19 13:37:06 +0000 2025","2181","Pak presiden @prabowo pak kapolri pak kapolda pak kapolwil pak kapolres kapolsek dan aggota polri jagalah nama baik instusi polisi https://t.co/ONHm5YBCin","1902353641073520794","https://pbs.twimg.com/ext_tw_video_thumb/1902353576900677632/pu/img/WWgEr9YAAEIPsyxS.jpg","","in","","50","235","1183","https://x.com/mahfudingtg/status/1902353641073520794","1575779500373078016","mahfudingtg"
"1901737313803305386","Mon Mar 17 20:48:02 +0000 2025","17","Putri duyungnya hampir di emplok https://t.co/MqLvcqMiEG","1901737313803305386","https://pbs.twimg.com/amplify_video_thumb/1901558219366858753/img/SRrt33MQXS-WIiJR.jpg","","in","BARUS  ","0","6","2","https://x.com/PresidenKopi/status/1901737313803305386","1021329195329179648","PresidenKopi"
"1900814905546338756","Sat Mar 15 07:42:43 +0000 2025","1528","Luar biasa ejekan @RajaJuliAntoni kpd Presiden @prabowo tempoe doeloe. Faktanya skrg si Raja Juli &amp; bbrp kader PSI slh asuh numpang hdp di kabinet residen Prabowo. Sungguh tdk punya malu dia jilat semua ludah yg sdh dia muntahkan! https://t.co/SksiFDhfPB","1900814905546338756","https://pbs.twimg.com/ext_tw_video_thumb/1900741941148647424/pu/img/h1Zafly0xGSCz5_U.jpg","","in","Bekasi - Indonesia","39","164","883","https://x.com/bachrum_achmadi/status/1900814905546338756","105085302","bachrum_achmadi"
"1901805919232782502","Tue Mar 18 01:20:39 +0000 2025","98","Pak Presiden target 8 juta lapangan kerja tahun ini.. Gimana??? https://t.co/JvOmJ1aez8","1901805919232782502","https://pbs.twimg.com/ext_tw_video_thumb/1901805871103160320/pu/img/l5reERgMPQY2LK26.jpg","","in","Indonesia ","2","79","30","https://x.com/Mdy_Asmara1701/status/1901805919232782502","1334853481019056128","Mdy_Asmara1701"
"1901896600655696001","Tue Mar 18 07:20:59 +0000 2025","215","Presiden Prabowo Subianto menolak diberikan emas batangan. https://t.co/wWjGn5Trjr","1901896600655696001","https://pbs.twimg.com/ext_tw_video_thumb/1901896583077384192/pu/img/oKRmWYDBoDM5vA1f.jpg","","in","","10","122","46","https://x.com/Ndons_Back/status/1901896600655696001","1289954556411969537","Ndons_Back"
"1900719159035789409","Sat Mar 15 01:22:15 +0000 2025","57","Koreksi buat Connie Bakrie Dirut Pertamina Karen Agustiawan itu menjabat dari 2009 sampai dengan 1 Oktober 2014 Pas presidennya Megawati Jokowi belum menjabat jadi presiden waktu itu Bisa banget omon2 ngarahinnya padahal kosong bukti https://t.co/B0qcPMlCVu","1900719159035789409","https://pbs.twimg.com/ext_tw_video_thumb/1900719103230570502/pu/img/o0HH1LSKrgoqXKVr.jpg","","in","Miniac-Morvan, France","6","33","24","https://x.com/Intel_Imut/status/1900719159035789409","1418311652462579713","Intel_Imut"
"1902664448411922490","Thu Mar 20 10:12:08 +0000 2025","40","UU TNI yang baru sangat berpotensi sewenang2 terserah Presiden Kok Bisa? Mari perhatikan Pasal 7 mengenai Operasi Militer Selain Perang Yang lama yang baru https://t.co/1AvNF3Vesl","1902664448411922490","https://pbs.twimg.com/media/GmefObvbUAANUSG.jpg","","in","Indonesia","3","4","47","https://x.com/madisnur/status/1902664448411922490","1107951999247499264","madisnur"
"1900978848965026201","Sat Mar 15 18:34:10 +0000 2025","768","Bikin aturan ayat 1 langsung dianulir sendiri di ayat 2 dgn berlindung di balik kata Kebijakan Presiden . #TolakRUUTNI https://t.co/9Ol3rAxHRS","1900978848965026201","https://pbs.twimg.com/media/GmGiMBebcAAztBM.jpg","","in","","31","50","444","https://x.com/uyoktweet/status/1900978848965026201","1832129846002298880","uyoktweet"
"1901851995750928495","Tue Mar 18 04:26:05 +0000 2025","3889","@BigAlphaID Buzzer boleh dikerahkan. Media boleh diarahkan. Presiden dan jajarannya bisa ngeles bilang semua baik2 saja. Tapi market tidak pernah berbohong. Siapa yg mau invest di Indonesia dengan begitu banyaknya kasus korupsi dan skandal akhir2 ini?","1901852583947547005","","BigAlphaID","in","Marineford","37","36","1047","https://x.com/admiralkizaruuu/status/1901852583947547005","1829846981201838080","admiralkizaruuu"
"1900752914253033956","Sat Mar 15 03:36:23 +0000 2025","768","Connie ini orang bodoh yg overconfidence. Jokowi baru dilantik presiden tgl 20 Okt 2014 sedangkan Karen Agustiawan itu berhenti jadi dirut Pertamina tgl 1 Okt 2014. Inpres yg dipermasalahkan itu Inpres No 1 Tahun 2010. Bgm mungkin masih walikota kok bisa mengeluarkan inpres? https://t.co/cwEykIcB8m","1900752914253033956","https://pbs.twimg.com/ext_tw_video_thumb/1900752823794757637/pu/img/3uBuI1HrPwd15fPw.jpg","","in","Indonesia","14","89","260","https://x.com/PartaiSocmed/status/1900752914253033956","869327120","PartaiSocmed"
"1899819795253768540","Wed Mar 12 13:48:30 +0000 2025","909","TNI itu dididik dan dilatih untuk mempertahankan negara bukan untuk menjadi direktur BUMN Punya presiden mantan Jenderal kok sama saja https://t.co/tanqbWCoqs","1899819795253768540","https://pbs.twimg.com/ext_tw_video_thumb/1899819648079777792/pu/img/Mc1YgbqRYPl2ewoQ.jpg","","in","","4","26","392","https://x.com/Boediantar4/status/1899819795253768540","1383750727575605257","Boediantar4"
"1902029855853846702","Tue Mar 18 16:10:30 +0000 2025","20","Tes kemampuan Dasar jadi maling ayam yg dicontohkan oleh senior. https://t.co/84gEMd1Kga","1902029855853846702","https://pbs.twimg.com/ext_tw_video_thumb/1901904441001058304/pu/img/d0MdqS_A0Erj7IKV.jpg","","in","BARUS  ","0","5","4","https://x.com/PresidenKopi/status/1902029855853846702","1021329195329179648","PresidenKopi"
"1901898548842533144","Tue Mar 18 07:28:44 +0000 2025","46488","Bpk Presiden @prabowo yth sejak Bpk dilantik 5 bulan lalu sepertinya blm ada indikator pembangunan terutama ekonomi yg membaik - bahkan bertambah buruk. Sepertinya ini dampak dari sikap melanjutkan dan memuji rezim Jokowi yg jelas-jelas sudah merusak bangsa.","1901898548842533144","","","in","","249","535","12282","https://x.com/msaid_didu/status/1901898548842533144","1117990249806721024","msaid_didu"
"1902632725804404962","Thu Mar 20 08:06:05 +0000 2025","3","Presiden Prabowo Subianto berharap Tim Nasional (Timnas) berhasil melawan Australia pada Kualifikasi Piala Dunia 2026 Zona Asia Kamis (20/3/2025). Timnas kita berdoa berhasil. Timnas kita berdoa berhasil ujarnya usai meresmikan KEK Industropolis Batang Jawa Tengah Kamis. https://t.co/rYDRzezArY","1902632725804404962","https://pbs.twimg.com/media/GmeCRyMbcAA0SuX.jpg","","in","Jakarta","0","1","0","https://x.com/kompascom/status/1902632725804404962","23343960","kompascom"
"1902593506323132489","Thu Mar 20 05:30:15 +0000 2025","25","#ANISD wujud asli presiden hhh https://t.co/ApjobbBbPh","1902593506323132489","https://pbs.twimg.com/ext_tw_video_thumb/1902593481371217922/pu/img/aToHvV8KHr4aidCB.jpg","","in","FUB","0","12","13","https://x.com/iKinnich/status/1902593506323132489","1708827666747641856","iKinnich"
"1901616934795513890","Mon Mar 17 12:49:42 +0000 2025","16","Sesuai arahan Presiden @prabowo pemerintah menargetkan pengentasan kemiskinan ekstrem tuntas pada 2026. Dalam Rakor Pembentukan Koperasi Desa Merah Putih (17/03) Wamensos @agusjabo333 berharap bahwa program ini diharapkan mampu mendorong pemutusan rantai kemiskinan https://t.co/5NjmAYIcFq","1901616934795513890","https://pbs.twimg.com/amplify_video_thumb/1901616834056708096/img/4lYYRD4N4Cnj4NmQ.jpg","","in","Jakarta Pusat, DKI Jakarta","0","6","6","https://x.com/KemensosRI/status/1901616934795513890","2889531644","KemensosRI"
"1902562190605058320","Thu Mar 20 03:25:48 +0000 2025","95","udah bener prabowo kaga usah balik dari yordania pindah negara aja kalo perlu. Sekalinya jadi Presiden nyusahin najis.","1902562190605058320","","","in","men hater","0","4","26","https://x.com/matchanepicek/status/1902562190605058320","1427910955795578884","matchanepicek"
"1901876219164975558","Tue Mar 18 06:00:00 +0000 2025","3","Presiden Prabowo Subianto menyebut bukan hanya negara kaya yang sepakbolanya hebat. Menurutnya banyak negara miskin yang juga bisa masuk Piala Dunia. https://t.co/luaoM0o5Ok","1901876219164975558","https://pbs.twimg.com/ext_tw_video_thumb/1901728793041235968/pu/img/vxO_8Zja0mzEjCOp.jpg","","in","","1","1","2","https://x.com/detikcom/status/1901876219164975558","69183155","detikcom"
"1902641483817320713","Thu Mar 20 08:40:53 +0000 2025","3","1. Presiden Prabowo Subianto menegaskan komitmennya mendorong digitalisasi pemerintahan melalui integrasi Government Technology (GovTech) serta memastikan program Makan Bergizi Gratis (MBG) berdampak optimal bagi masyarakat. Hal ini disampaikan dalam rapat bersama jajaran Dewan https://t.co/fmCB1xN9ty","1902641483817320713","https://pbs.twimg.com/media/GmeKWCSbgAAFffJ.jpg","","in","Jakarta Pusat, DKI Jakarta","0","3","2","https://x.com/KemensetnegRI/status/1902641483817320713","3522129133","KemensetnegRI"
"1901646051679035763","Mon Mar 17 14:45:24 +0000 2025","108","Buruh angkut pelabuhan.. Lihat ayahmu mencari rezeki nak.. nyawanya pun sudah tidak dia pwrdulikan demi mendapatkan uang. Semangat para pencari Rezeki Ô∏èÔ∏è https://t.co/yhw3WlQJOZ","1901646051679035763","https://pbs.twimg.com/ext_tw_video_thumb/1901462832052629504/pu/img/loVgyNAWw8X19OpI.jpg","","in","BARUS  ","4","9","37","https://x.com/PresidenKopi/status/1901646051679035763","1021329195329179648","PresidenKopi"
"1902630149558038557","Thu Mar 20 07:55:51 +0000 2025","182","MILIH PRESIDEN BERDASARKAN: KASIAN GEMOY KEMAKAN KONTEN WAKTU KALAH DEBAT MAKAN GRATIS yang waktu itu nangis lagi ngapain sekarang? Nuhun goblogggggg!","1902630149558038557","","","in","022","3","8","118","https://x.com/ckseewhat/status/1902630149558038557","1253281075842781190","ckseewhat"
"1902472859844538763","Wed Mar 19 21:30:50 +0000 2025","122","Menurut pengamat militer: Mayor teddy termasuk salah satu dari 7 keajaiban dunia dari Indonesia Keajaibannya adalah: Pejabat eselon 2 yang dilantik presiden Seskab dipindahkan dibawah setmilpres #TolakRUUTNI https://t.co/qnvwej1VGo","1902472859844538763","https://pbs.twimg.com/ext_tw_video_thumb/1902472062482182144/pu/img/2JIo0H5ADl6b_97W.jpg","","in","","1","1","62","https://x.com/MurtadhaOne1/status/1902472859844538763","1178950184601935873","MurtadhaOne1"
"1900207619970830470","Thu Mar 13 15:29:35 +0000 2025","143","Siapapun yang terlibat dalam Liga Korupsi Indonesia Pemilik klub Presiden klub Direktur Manager Pelatih dan Asisten kepala Pelatih kiper Pelatih kebugaran Pemain inti Pemain cadangan.. LAYAK DI HUKUM MATI!! https://t.co/IbvNsXdg94","1900207619970830470","https://pbs.twimg.com/ext_tw_video_thumb/1900207591621615617/pu/img/5jywRiuPAZTCERhX.jpg","","in","","1","12","82","https://x.com/MasBRO_back/status/1900207619970830470","1729354223614304256","MasBRO_back"
"1856270025633739127","Tue Nov 12 09:37:16 +0000 2024","8400","Setuju gak nih der? YT/Wakil Presiden Republik Indonesia https://t.co/CtifSHsdSV","1856270025633739127","https://pbs.twimg.com/media/GcLLvq9awAAhDRE.jpg","","in","ÎåÄÏ†Ñ","742","2366","393","https://x.com/kegblgnunfaedh/status/1856270025633739127","1172167188800655360","kegblgnunfaedh"
"1901883611382698449","Tue Mar 18 06:29:22 +0000 2025","209","Pemerintahan Presiden @prabowo menggelar karpet merah untuk rakyat Bila kalian membeli rumah dulu BPHTB dikenakan 5% sekarang gratis juga PBG dan PPN (syarat dan ketentuan berlaku) Semua dilakukan untuk mengurangi beban rakyat Intinya untuk rakyat apapun diusahakan https://t.co/gPP9TviU2V","1901883611382698449","https://pbs.twimg.com/ext_tw_video_thumb/1901883322294546432/pu/img/GswHBClaQT2OV1y4.jpg","","in","","17","139","61","https://x.com/BANGSAygSUJUD/status/1901883611382698449","1189039138835554304","BANGSAygSUJUD"
"1789266377855160335","Sat May 11 12:08:42 +0000 2024","622","Ia bahkan menyebut Presiden Terpilih Indonesia Prabowo Subianto sebagai kakaknya. https://t.co/H7rIWC6RgX","1789266377855160335","https://pbs.twimg.com/media/GNTASAnakAAaefR.jpg","","in","ÎåÄÏ†Ñ","56","241","51","https://x.com/kegblgnunfaedh/status/1789266377855160335","1172167188800655360","kegblgnunfaedh"
"1901623696235876600","Mon Mar 17 13:16:34 +0000 2025","165","Jika Duterte presiden buruk jutaan orang di negara ini tdk akan memperjuangkannya seperti ini...bahkan sampe warga Belanda Korsel USA &amp; UEA melakukan aksi membelanya https://t.co/2FpEtV4CRp","1901623696235876600","https://pbs.twimg.com/ext_tw_video_thumb/1901623478052425728/pu/img/k_9ifi5xwvajKYlJ.jpg","","in","","6","29","36","https://x.com/tham878/status/1901623696235876600","1759100655783043072","tham878"
"1902134523514778102","Tue Mar 18 23:06:25 +0000 2025","116","Mengerikan sekali Koruptor tdk hanya memperkaya diri sendiri dan membuat rakyat menderita tapi bisa hancurkan indonesia. Baiknya rakyat sadar kelompok yang getol menyuarakan agar Presiden Prabowo dan wapres Gibran segera mundur adlh bagian dari konspirasi para koruptor _. https://t.co/T9No3mz0gA","1902134523514778102","https://pbs.twimg.com/ext_tw_video_thumb/1902134357885845505/pu/img/8cSa4xj5E1OsnCHZ.jpg","","in","Indonesia","11","35","39","https://x.com/Minietweets_/status/1902134523514778102","1331503267814072320","Minietweets_"
"1902117365552468326","Tue Mar 18 21:58:14 +0000 2025","384","Plt. Kepala Sekolah Plt. Kepala Dinas Plt. Wali Kota Plt. Bupati Plt. Gubernur. ________ Lah ini Plt. Presiden ?!!! Ya berantakan. #TolakRUUTNI #IndonesiaGelap https://t.co/YdgAgrrrX5","1902117365552468326","https://pbs.twimg.com/ext_tw_video_thumb/1902117324892860417/pu/img/pEhtHBAVX0q9tM7b.jpg","","in","Wherever you're not lookin'","5","21","114","https://x.com/__AnakKolong/status/1902117365552468326","1159689173340585984","__AnakKolong"
"1864932759497773204","Fri Dec 06 07:19:53 +0000 2024","39972","Breaking News: Pendakwah Miftah Maulana Habiburrahman alias Gus Miftah mengumumkan pengunduran dirinya sebagai Utusan Khusus Presiden Bidang Kerukunan Beragama dan Pembinaan Sarana Keagamaan https://t.co/v81odCfcMm","1864932759497773204","https://pbs.twimg.com/media/GeGSdEGakAQqn4P.jpg","","in","ÎåÄÏ†Ñ","1174","2740","3971","https://x.com/kegblgnunfaedh/status/1864932759497773204","1172167188800655360","kegblgnunfaedh"
"1900118215570973155","Thu Mar 13 09:34:19 +0000 2025","6","https://t.co/6PAmZQLVOR Presiden Prabowo Subianto akan membuat penjara terpencil untuk para koruptor. Nantinya penjara tersebut akan dibuat di sebuah pulau yang terpencil. Hal itu diungkapkan Prabowo saat meluncurkan penyaluran tunjangan guru Aparatur Sipil Negara (ASN) Daerah https://t.co/j9VTBH76kE","1900118215570973155","https://pbs.twimg.com/ext_tw_video_thumb/1900117752188149760/pu/img/T9gfdxLb4bOR6lSC.jpg","","in","iNews Tower","3","13","4","https://x.com/officialinews_/status/1900118215570973155","132078023","officialinews_"
"1783861137295163436","Fri Apr 26 14:10:33 +0000 2024","74","Ini vidionya gaes Sekretariat Presiden https://t.co/Ys604KwosE","1783861224389935596","https://pbs.twimg.com/amplify_video_thumb/1783861139853672448/img/cyGVLplScLMhUCvp.jpg","kegblgnunfaedh","in","ÎåÄÏ†Ñ","1","8","8","https://x.com/kegblgnunfaedh/status/1783861224389935596","1172167188800655360","kegblgnunfaedh"
"1900524422290870431","Fri Mar 14 12:28:26 +0000 2025","10","Presiden RI Prabowo Subianto menyetujui rencana pencabutan moratorium pekerja migran dengan Arab Saudi. Hal ini diungkapkan oleh Menteri Perlindungan Pekerja Migran Indonesia (PPMI) Abdul Kadir Karding saat menyambangi Istana Kepresidenan Jakarta Jumat (14/3/2025). Dengan https://t.co/iy7yMisQGj","1900524422290870431","https://pbs.twimg.com/media/GmAEy-YXIAAZ6kO.jpg","","in","Jakarta","2","2","3","https://x.com/kompascom/status/1900524422290870431","23343960","kompascom"
"1902662153779433800","Thu Mar 20 10:03:01 +0000 2025","1640","Terakhir kali Nathan Tjoe-A-On main di Swansea Mulyono masih jadi presiden Indonesia","1902662153779433800","","","in","","27","55","280","https://x.com/strootsys/status/1902662153779433800","1315170681261228032","strootsys"
"1902537458337939839","Thu Mar 20 01:47:32 +0000 2025","264","Kapolri Jenderal Polisi Drs. Listyo Sigit Prabowo M. Si. melakukan kunjungan ke pabrik sepatu PT Tah Sung Hung di kawasan Brebes Jawa Tengah bersama Presiden KSPSI Andi Gani Nena Wea dan Presiden KSPI Said Iqbal. Kapolri mengapresiasi kontribusi PT Tah Sung Hung yang telah https://t.co/TAnUF67jDJ","1902537458337939839","https://pbs.twimg.com/amplify_video_thumb/1902537181631279107/img/zCFYHK0TfUl3hDv4.jpg","","in","","0","33","3","https://x.com/DivHumas_Polri/status/1902537458337939839","138290629","DivHumas_Polri"
"1901789141421199480","Tue Mar 18 00:13:59 +0000 2025","342","Si Koruptor level dunia sekaligus pemaksaan aturan hukum persyaratan wakil presiden sedang menawarkan tanah untuk siapa? bapak layak di hina dikutuk dilaknat di dunia dan akhirat. Aamiin https://t.co/xdENQYwrMj","1901789141421199480","https://pbs.twimg.com/ext_tw_video_thumb/1901789090271629313/pu/img/iMiMFx7NL7KLIL7z.jpg","","in","Jakarta Capital Region","9","75","179","https://x.com/BarisanPemudaRI/status/1901789141421199480","87901651","BarisanPemudaRI"
"1902631747210387546","Thu Mar 20 08:02:12 +0000 2025","3","Hai #SobatSetneg! Presiden Prabowo Subianto kembali menyatakan tekadnya untuk memberikan dukungan penuh pada sepak bola Indonesia untuk bisa bertanding di Piala Dunia (17/3) üáÆüá©Ô∏è Pesan ini disampaikan Presiden Prabowo saat momen peresmian renovasi dan pembangunan 17 stadion https://t.co/xgilee0Brn","1902631747210387546","https://pbs.twimg.com/amplify_video_thumb/1902631607082872832/img/mCujmD1KB9SVDncC.jpg","","in","Jakarta Pusat, DKI Jakarta","0","1","2","https://x.com/KemensetnegRI/status/1902631747210387546","3522129133","KemensetnegRI"
"1902654699662397730","Thu Mar 20 09:33:24 +0000 2025","31","Ketemu Investor Mau Nakut-nakutin PERCUMA Ketemu Investor Kalau Kebijakan Lu Gak Bisa Bikin Investor Percaya Dengan Masa Depan Ekonomi Indonesia! Presiden Prabowo Subianto akan menemui sejumlah investor setelah Indeks Harga Saham Gabungan (IHSG) anjlok ke titik terendah https://t.co/kgolh9xB3Z","1902654699662397730","https://pbs.twimg.com/media/GmeWXara0AAz-Qo.jpg","","in","","1","8","15","https://x.com/Ary_PrasKe2/status/1902654699662397730","1875086359578472450","Ary_PrasKe2"
"1901915409177301082","Tue Mar 18 08:35:44 +0000 2025","3","Kepolisian Republik Indonesia (Polri) bersama Badan Gizi Nasional (BGN) meresmikan Satuan Pelayanan Pemenuhan Gizi (SPPG). Program ini merupakan bentuk dukungan dari Asta Cita Presiden yaitu Makan Bergizi Gratis. Tonton video selengkapnya di https://t.co/lgWJ7tV0Bb https://t.co/lfL5oAkFIx","1901915409177301082","https://pbs.twimg.com/ext_tw_video_thumb/1901915234509746176/pu/img/DT9isxk47Rmz2gn5.jpg","","in","Pulo Gadung, Indonesia","0","0","1","https://x.com/tvOneNews/status/1901915409177301082","55507370","tvOneNews"
"1902640871906107517","Thu Mar 20 08:38:27 +0000 2025","6","1. Presiden Prabowo Subianto memimpin rapat bersama jajaran Dewan Ekonomi Nasional (DEN) di Istana Merdeka Jakarta (19/3) dengan fokus pada penguatan sektor industri padat karya. Dalam pertemuan tersebut Presiden menginstruksikan deregulasi secara besar-besaran untuk https://t.co/L7Asc0Am5f","1902640871906107517","https://pbs.twimg.com/media/GmeJyZEb0AAFDBG.jpg","","in","Jakarta Pusat, DKI Jakarta","0","3","3","https://x.com/KemensetnegRI/status/1902640871906107517","3522129133","KemensetnegRI"
"1900005287899299843","Thu Mar 13 02:05:35 +0000 2025","191","Presiden dengan jabatan yang sangat singkat. Siapa itu? https://t.co/MLinJLj1jl","1900005287899299843","https://pbs.twimg.com/ext_tw_video_thumb/1900005237454163968/pu/img/hW8xbrW8auxLToP8.jpg","","in","","0","198","3","https://x.com/andiicalilyas/status/1900005287899299843","3285289368","andiicalilyas"
"1849373466761560065","Thu Oct 24 08:52:48 +0000 2024","8106","Presiden Prabowo Subianto menggelar rapat kabnet perdana pada Rabu (23/10). Dalam rapat tersebut Prabowo kembali membicarakan program makan gizi gratis yang tak mungkin selesai dalam kurun waktu 3 bulan. Prabowo pun meminta menterinya keluar dari pemerintahan jika tidak https://t.co/OeJoyTdHjR","1849373466761560065","https://pbs.twimg.com/media/GapLXMXbcAABtUb.jpg","","in","ÎåÄÏ†Ñ","113","462","430","https://x.com/kegblgnunfaedh/status/1849373466761560065","1172167188800655360","kegblgnunfaedh"
"1900547468493742176","Fri Mar 14 14:00:01 +0000 2025","15","Presiden Indonesia Prabowo Subianto mengumumkan rancangan untuk membiayai pembinaan sebuah penjara berkeselamatan tinggi di sebuah pulau terpencil bagi menempatkan pegawai terlibat rasuah. Inisiatif itu dibuat susulan peningkatan kes rasuah berprofil tinggi termasuk skandal https://t.co/URLgEfZmBP","1900547468493742176","https://pbs.twimg.com/ext_tw_video_thumb/1900492227157405696/pu/img/ZE_9IlavSdomwkGz.jpg","","in","Malaysia","2","6","7","https://x.com/SinarOnline/status/1900547468493742176","331383958","SinarOnline"
"1902313666059657309","Wed Mar 19 10:58:15 +0000 2025","170","IMF-Uni Eropa Main Ancam ke Indonesia Presiden Prabowo Subianto Malah Nge-gas Terus Ancaman Uni Eropa dan IMF terhadap program hilirisasi industri di Indonesia malah membuat presiden Prabowo makin berani alias ngegas untuk mempercepat realisasi program tersebut https://t.co/JtCSdnx7Pe","1902313666059657309","https://pbs.twimg.com/ext_tw_video_thumb/1902313550045179904/pu/img/4MQV86pMdcdKCz6h.jpg","","in","","9","87","56","https://x.com/Ndons_Back/status/1902313666059657309","1289954556411969537","Ndons_Back"
"1901647163115085890","Mon Mar 17 14:49:49 +0000 2025","301","Mendadak Presiden Prabowo Ingat Pak Jokowi Saat Resmikan Pabrik Emas di Gresik Jawa Timur : Saya Sdh Undang Pak Jokowi Tapi Beliau Berhalangan Program kerja keras Presiden ke-7 Pak Jokowi kini mulai menampakkan hasil &amp; terimakasih Presiden Prabowo yg konsisten melanjutkan https://t.co/PUI4cuhHpW","1901647163115085890","https://pbs.twimg.com/ext_tw_video_thumb/1901644751629393920/pu/img/ZtHBwVPI0Z47ji4V.jpg","","in","","8","80","64","https://x.com/tham878/status/1901647163115085890","1759100655783043072","tham878"
"1899754742722531824","Wed Mar 12 09:30:01 +0000 2025","115","Wakil Presiden Gibran Rakabuming Raka merespons diundurnya pengangkatan CPNS pada Oktober 2025 dan Pegawai Pemerintah dengan Perjanjian Kerja (PPPK) pada 1 Maret 2026. Gibran menyebut sudah ada solusi terkait hal itu. https://t.co/AgP9DKEeJd","1899754742722531824","https://pbs.twimg.com/ext_tw_video_thumb/1899701648555163648/pu/img/q9hBaAJMxXqWYmRM.jpg","","in","","40","233","27","https://x.com/detikcom/status/1899754742722531824","69183155","detikcom"
"1900404019551756489","Fri Mar 14 04:30:00 +0000 2025","1175","Dinilai Pelanggaran Berat Bobocabin Gunung Mas Disegel Penyegelan penginapan tersebut sudah diketahui dan sesuai arahan Presiden Prabowo https://t.co/mroMZVaHqr","1900404019551756489","https://pbs.twimg.com/ext_tw_video_thumb/1900350548328734720/pu/img/xyXqdYGl2mIp2l5K.jpg","","in","","304","481","211","https://x.com/detikcom/status/1900404019551756489","69183155","detikcom"
"1899794943524446388","Wed Mar 12 12:09:45 +0000 2025","2","Prabowo Marah Ada Kasus Minyakita Dijual tak Sesuai Takaran Masa (Presiden) ngga marah. Yang marah itu engga hanya Presiden kita semua juga marah ujar Wakil Menteri Pertanian (Wamentan) Sudaryono di Kompleks Istana Kepresidenan Jakarta Pusat Rabu (12/3).#minyakita #prabowo https://t.co/wEmzAkSseC","1899794943524446388","https://pbs.twimg.com/ext_tw_video_thumb/1899791820143706112/pu/img/7PnReL23l_uTYTz9.jpg","","in","Jakarta - Indonesia","0","6","1","https://x.com/mediaindonesia/status/1899794943524446388","68930552","mediaindonesia"
"1850904800281718848","Mon Oct 28 14:17:47 +0000 2024","902","Presiden Prabowo Subianto disebut melarang pejabat kementerian hingga pejabat eselon I memakai kendaraan dinas buatan luar negeri. Sebagai gantinya ia menetapkan mobil Maung yang diproduksi PT Pindad jadi kendaraan dinas. Hal ini diungkapkan oleh Wakil Menteri Keuangan Angginto https://t.co/rEyWyeYeHB","1850904800281718848","https://pbs.twimg.com/media/Ga-8GcBa0AADqwx.jpg","","in","ÎåÄÏ†Ñ","5","82","58","https://x.com/kegblgnunfaedh/status/1850904800281718848","1172167188800655360","kegblgnunfaedh"
"1902297486376759776","Wed Mar 19 09:53:58 +0000 2025","9212","Penjahat HAM aja dipilih jadi Presiden jadi ga heran kalo penjahat lain juga didukung sama orang Indo","1902297486376759776","","","in","","110","26","4172","https://x.com/baecorgi/status/1902297486376759776","4034569940","baecorgi"
"1795129165815185654","Mon May 27 16:25:19 +0000 2024","579","Terima kasih netizen Ô∏èÔ∏è Kami Kemendikbud-Ristek telah mengambil keputusan untuk membatalkan kenaikan UKT di tahun ini. Dan kami akan me-reevaluasi semua permintaan peningkatan UKT dari PTN ujar Nadiem usai dipanggil Presiden Joko Widodo di Istana Kepresidenan Jakarta https://t.co/0YceemwCx3","1795129165815185654","https://pbs.twimg.com/media/GOmUdXrasAEqeJ7.jpg","","in","ÎåÄÏ†Ñ","25","250","70","https://x.com/kegblgnunfaedh/status/1795129165815185654","1172167188800655360","kegblgnunfaedh"
"1902021858679230816","Tue Mar 18 15:38:43 +0000 2025","131"," Jangan sampai TNI dikuasai partai manapun ~Panglima Jendral Soedirman Pesan ini ada benarnya. Sayangnya Presiden kita mantan TNI dan punya partai. Mungkin ini masalahnya! -- Emil #KaburAjaDulu Bahrain 2-2 Indonesia #PossessedLove2 Sri Mulyani ÏÉùÏùºÏùÑÎßûÏùÄ_ÏùÄÏÑùÏî®Ïùò_Î™®Ïò§Ïäµ https://t.co/LlJBUMoI13","1902021858679230816","https://pbs.twimg.com/ext_tw_video_thumb/1902021821358358528/pu/img/JqyTG_AZzrW8VT5y.jpg","","in","","1","5","52","https://x.com/_riverheaven/status/1902021858679230816","975389335775199232","_riverheaven"
"1900473922535018899","Fri Mar 14 09:07:46 +0000 2025","304","Presiden @prabowo sedang berperang dengan partai &amp; mafia Koruptor Sedangkan Presiden @jokowi menyatakan perang terhadap @PDI_Perjuangan Kemarahan orang SABAR/IKHLAS mampu menaklukkan langit bumi dan semua Dewa tunduk pada orang SABAR &amp; IKHLAS https://t.co/wQqQzXYEkj","1900473922535018899","https://pbs.twimg.com/ext_tw_video_thumb/1900473855896150016/pu/img/cWWc88E-j-PZQV97.jpg","","in","","12","220","68","https://x.com/romoatheist/status/1900473922535018899","1707296384347697152","romoatheist"
"1901636696825065696","Mon Mar 17 14:08:13 +0000 2025","44","Salam olahraga Ô∏èÔ∏èÔ∏è https://t.co/O0QJGmOysd","1901636696825065696","https://pbs.twimg.com/media/GmP4f6HbMAArnhw.jpg","","in","BARUS  ","3","19","15","https://x.com/PresidenKopi/status/1901636696825065696","1021329195329179648","PresidenKopi"
"1900390461455700195","Fri Mar 14 03:36:08 +0000 2025","284"," Kita perlu kejelasan status Prabowo apakah dia kelanjutan Jokowi. Kalau kelanjutan Jokowi demokrasi semakin buruk. Kalau Prabowo setelah dilantik melanjutkan ide Jokowi mengikuti tuntunan Jokowi presiden ke-8 kita adalah boneka Jokowi. (RG) #HukumMatiKoruptorOCCRP https://t.co/y0tBcp8fEp","1900390461455700195","https://pbs.twimg.com/ext_tw_video_thumb/1900390443965423616/pu/img/I5WEcJX6A7Uy1p0u.jpg","","in","","1","8","126","https://x.com/Srik4ndiMuslim2/status/1900390461455700195","1629530059265703938","Srik4ndiMuslim2"
"1901899128017465458","Tue Mar 18 07:31:02 +0000 2025","16568","Gibran Nepotisme dan Presiden yang Bodoh Bayangkan Indonesia pada 14 November 2029 di mana Gibran Rakabuming Raka berusia 42 tahun yang baru saja dilantik sebagai Presiden ke-9 Republik Indonesia setelah memenangkan Pilpres 2029. Kemenangannya tidaklah mengejutkan bagi kita https://t.co/dFzXCIR8GQ","1901899128017465458","https://pbs.twimg.com/media/GmTm9qxa0AA17FA.jpg","","in","Pekalongan Barat, Indonesia","141","264","5486","https://x.com/hnirankara/status/1901899128017465458","871058414364876800","hnirankara"
"1901564416438731113","Mon Mar 17 09:21:00 +0000 2025","10","Wakil Ketua DPR Sufmi Dasco Ahmad membantah isu reshuffle sejumlah menteri di antaranya Menteri Keuangan Sri Mulyani. Sufmi mengatakan bahwa presiden belum akan melakukan reshuffle dalam waktu dekat. #rehufflementeri #kabinetmerahputih #menterikeuangan #srimulyani https://t.co/Clw4qYZPVq","1901564416438731113","https://pbs.twimg.com/ext_tw_video_thumb/1901563846986481664/pu/img/eFrBkF6URy0oQvYQ.jpg","","in","","8","22","4","https://x.com/Metro_TV/status/1901564416438731113","57261519","Metro_TV"
"1902386905976861119","Wed Mar 19 15:49:17 +0000 2025","44",". Beraninya ngancam Presiden Jenderal.. Kok nggk ditangkap ya.. . https://t.co/MHbgIcS1hi","1902386905976861119","https://pbs.twimg.com/media/GmaizjGaUAApq0A.jpg","","in","6¬∞ LU-11¬∞ LS + 95¬∞ BT- 141¬∞BT","1","25","12","https://x.com/Red__Seven/status/1902386905976861119","1527137705481580544","Red__Seven"
"1902316211716923877","Wed Mar 19 11:08:22 +0000 2025","101","Pemberian THR dan Gaji ke-13 bagi Aparatur Negara telah diumumkan Presiden pekan lalu. Mulai awal pekan ini proses pembayaran THR akan dilakukan. Apa saja komponen THR dan Gaji ke-13 yang akan diberikan? Siapa saja yang akan menerimanya? Temukan informasinya berikut ini! https://t.co/qvE9NzQ8Za","1902316211716923877","https://pbs.twimg.com/media/GmZigVva8AACOvX.jpg","","in","Jakarta","6","13","23","https://x.com/kempanrb/status/1902316211716923877","1240689786","kempanrb"
"1900301077934964865","Thu Mar 13 21:40:57 +0000 2025","17","Naik BABI https://t.co/q7aJLpKXHX","1900301077934964865","https://pbs.twimg.com/amplify_video_thumb/1900133937957007360/img/OpqMRAxt58PQjU0-.jpg","","in","BARUS  ","1","3","3","https://x.com/PresidenKopi/status/1900301077934964865","1021329195329179648","PresidenKopi"
"1899589046659366939","Tue Mar 11 22:31:36 +0000 2025","302","Indonesia Gelap Jilid 2? Misi Mahasiswa ingin lengserkan Presiden &amp; Wakil Presiden @prabowo @gibran_tweet Demo yg akan di gelar nanti sudah bisa dipastikan adalah ; - Gerombolan Koruptor - Media Tempo (Devide Et Impera) - Kampus Khilafah Teroris - Partai Sarang Koruptor https://t.co/2QLa0H03mx","1899589046659366939","https://pbs.twimg.com/ext_tw_video_thumb/1899588992687132672/pu/img/e5iBun4EKg7OUSAG.jpg","","in","","11","151","92","https://x.com/romoatheist/status/1899589046659366939","1707296384347697152","romoatheist"
"1902197194729377970","Wed Mar 19 03:15:26 +0000 2025","60","(Menyongsong) sepakbola Indonesia bangkit dibawah Presiden @prabowo. https://t.co/sUmb38gtor","1902197194729377970","https://pbs.twimg.com/amplify_video_thumb/1902197054723788800/img/ExWkb_UQtB1REZti.jpg","","in","Kritik Kebijakan Bukan Pribadi","4","56","16","https://x.com/jansen_jsp/status/1902197194729377970","856934112250126336","jansen_jsp"
"1901861122841420245","Tue Mar 18 05:00:01 +0000 2025","241","Presiden RI Subianto Prabowo menjanjikan pemerintah akan membangun 20 stadion dalam kurun waktu dua hingga tiga tahun ke depan Prabowo mengungkapkan hal itu merupakan bagian dari komitmen pemerintah dalam memajukan sepakbola Indonesia üáÆüá© https://t.co/rKFUESs5AY","1901861122841420245","https://pbs.twimg.com/media/GmSvLk5bgAAGcPS.jpg","","in","Indonesia","23","58","27","https://x.com/GOAL_ID/status/1901861122841420245","27197792","GOAL_ID"
"1902641287024767014","Thu Mar 20 08:40:06 +0000 2025","6","Saya tetap bertanding jawatan timbalan presiden PKR - Rafizi Ramli https://t.co/GMD8ybu4XJ","1902641287024767014","","","in","Kuala Lumpur","1","3","0","https://x.com/mkini_bm/status/1902641287024767014","18714463","mkini_bm"
"1900484487835992319","Fri Mar 14 09:49:45 +0000 2025","10","Halo #SobatSetneg! Presiden Prabowo menyambut baik peluncuran mekanisme baru penyaluran tunjangan guru ASN daerah secara langsung ke rekening guru penerima lho! Peluncuran tersebut dinilai sebagai bentuk komitmen pemerintah dalam meningkatkan kesejahteraan guru!‚Äç‚Äç https://t.co/9cBlHeem2d","1900484487835992319","https://pbs.twimg.com/ext_tw_video_thumb/1900484429715259392/pu/img/Kf2f-7Hz69XYQgaD.jpg","","in","Jakarta Pusat, DKI Jakarta","0","6","3","https://x.com/KemensetnegRI/status/1900484487835992319","3522129133","KemensetnegRI"
"1900906092148006942","Sat Mar 15 13:45:04 +0000 2025","931","Bambang batal jadi presiden lewat jalur gorong-gorong lur https://t.co/8ZAJ6ctk0I","1900906092148006942","https://pbs.twimg.com/ext_tw_video_thumb/1900906032484020227/pu/img/YBBQLPBLZF6iQuah.jpg","","in","","5","49","100","https://x.com/MasBRO_back/status/1900906092148006942","1729354223614304256","MasBRO_back"
"1901784592258077080","Mon Mar 17 23:55:54 +0000 2025","21","Jejak Digital: Bukti valid bahwa rezim mitomania buhtanun adzimun 1424 melakukan tindakan penyalahgunaan wewenang dan tindakan merugikan negara dengan menukar laut hutan sungai serta tanah rakyat senilai 20 T kepada Aguan Cs. Beranikah presiden PS menindak oknum mantan https://t.co/6GY5kINy3h","1901784592258077080","https://pbs.twimg.com/ext_tw_video_thumb/1901784527242149888/pu/img/zL2jsEGqHIdrgV73.jpg","","in","","0","9","9","https://x.com/Nurulygkaukenal/status/1901784592258077080","1541718298190290946","Nurulygkaukenal"
"1902623770793406728","Thu Mar 20 07:30:30 +0000 2025","2","Pengerusi Perikatan Nasional Muhyiddin Yassin mendakwa gabungan itu mempunyai jawapan dan penyelesaian untuk isu rakyat termasuk pendapatan dan kos sara hidup. Dalam satu majlis berbuka puasa malam tadi Muhyiddin yang juga Presiden Bersatu berkata gabungan itu sedia https://t.co/JQlsjm3qGj","1902623770793406728","https://pbs.twimg.com/ext_tw_video_thumb/1902623362909876224/pu/img/f4MrBJvQ6Ic3B0ic.jpg","","in","Kuala Lumpur","0","4","0","https://x.com/mkini_bm/status/1902623770793406728","18714463","mkini_bm"
"1900774219463750045","Sat Mar 15 05:01:03 +0000 2025","218","99 9% rakyat Indonesia mendukung Presiden @prabowo Tangkapi Koruptor Tapi dituduh mau bangkitkan ORBA Pertinyiinyi sebegitu takutnyakah mereka hingga ngepitnah supaya rakyat tersulut ? https://t.co/vNdLvKsbkX","1900774219463750045","https://pbs.twimg.com/ext_tw_video_thumb/1900774142552797184/pu/img/4fi3D89bx3fPInhA.jpg","","in","","11","177","55","https://x.com/BANGSAygSUJUD/status/1900774219463750045","1189039138835554304","BANGSAygSUJUD"
"1900484692568338610","Fri Mar 14 09:50:34 +0000 2025","7083","Setuju Pak Presiden. Jgn mundur menghadapi koruptor. Sikat. Tinggal implementasinya. Dulu pernah ada ide pembuatan Kebun Koruptor . Koruptor diletakkan di sebuah taman rekreasi lalu di hari libur anak2 sekolah diajak menonton dan melempari koruptor dgn pisang dan kacang. https://t.co/qx41tWug2u","1900484692568338610","https://pbs.twimg.com/ext_tw_video_thumb/1900484642895286272/pu/img/Fg-pYWiphWwOvhOo.jpg","","in","Jakarta","164","1136","1277","https://x.com/mohmahfudmd/status/1900484692568338610","282006208","mohmahfudmd"
"1901574852026548344","Mon Mar 17 10:02:28 +0000 2025","4","Presiden Prabowo Subianto kembali menekankan komitmennya dalam menghadapi para koruptor ia menegaskan akan mengusir para koruptor dari Indonesia. Saya tidak akan mundur menghadapi koruptor saya ini siap mati untuk bangsa dan rakyat ini. Saya tidak takut mafia manapun saya https://t.co/BG9q85id6v","1901574852026548344","https://pbs.twimg.com/ext_tw_video_thumb/1901574549956878336/pu/img/6USXigWGExcSnkkc.jpg","","in","Pulo Gadung, Indonesia","1","12","0","https://x.com/tvOneNews/status/1901574852026548344","55507370","tvOneNews"
"1902671949652021475","Thu Mar 20 10:41:57 +0000 2025","2","Presiden Prabowo menegaskan bahwa Indonesia harus makin cepat lepas landas menuju status negara maju. Salah satu kuncinya adalah memaksimalkan efisiensi birokrasi agar pemerintahan bergerak lebih cepat dan efektif. Berita selengakpnya di https://t.co/oUfRkBV1OD https://t.co/8vbbPdYWr8","1902671949652021475","https://pbs.twimg.com/media/GmemDBba8AELoID.jpg","","in","Pulo Gadung, Indonesia","0","3","0","https://x.com/tvOneNews/status/1902671949652021475","55507370","tvOneNews"
"1901722266116981234","Mon Mar 17 19:48:15 +0000 2025","97","Terima kasih pak presiden karena udah bikin langkah tegas untuk mempercepat pengangkatan CASN dan PPPK. Semoga dengan langkah ini ASN bisa selalu siap mengabdi untuk Indonesia yang lebih maju. #KomitmenPemerintahUntukCASN https://t.co/xQ4xXI3a6t","1901722266116981234","https://pbs.twimg.com/amplify_video_thumb/1901721536362672128/img/1BNKCoAvFyR3iEaL.jpg","","in","Indonesia","0","175","85","https://x.com/cimotyy/status/1901722266116981234","1099611429311660032","cimotyy"
"1900079006214676962","Thu Mar 13 06:58:31 +0000 2025","81","Nilai Tukar Rupiah Melemah Sri Mulyani Salahkan Donald Trump Mulai Januari dan terutama semenjak Presiden Donald Trump dilantik begitu banyak kebijakan eksekutif Trump yang terus menerus menimbulkan gejolak. Gejolak ini dirasakan di seluruh dunia dan ini terefleksikan pada https://t.co/3BRvzfY0gS","1900079006214676962","https://pbs.twimg.com/ext_tw_video_thumb/1900076768981082113/pu/img/Y3Z_tz4ibl2QZYFn.jpg","","in","Jakarta - Indonesia","13","136","35","https://x.com/mediaindonesia/status/1900079006214676962","68930552","mediaindonesia"
"1901966930703270274","Tue Mar 18 12:00:27 +0000 2025","289","Panglima TNI Jenderal Agus Subiyanto mengklaim jabatan Teddy Indra Wijaya tidak melanggar setelah aturannya diubah. Ia mengatakan posisi Teddy sebagai Seskretaris Kabinet berada di bawah Sekretariat Militer Presiden. #tempodotco #tempo #letkol #Teddy #Setmilpres #TNI https://t.co/FSzQFttFne","1901966930703270274","https://pbs.twimg.com/media/GmUkwyRbEAAItpr.jpg","","in","Indonesia","70","224","54","https://x.com/tempodotco/status/1901966930703270274","18129942","tempodotco"
"1900396473520460057","Fri Mar 14 04:00:01 +0000 2025","26","Presiden Prabowo Subianto berencana membangun penjara khusus untuk koruptor. Penjara tersebut akan dibangun di pulau terpencil. Gimana menurut kamu detikers? https://t.co/6qDb2v7yPi","1900396473520460057","https://pbs.twimg.com/ext_tw_video_thumb/1900219868781436933/pu/img/NLpum7IZXiyTYL5n.jpg","","in","","5","88","3","https://x.com/detikcom/status/1900396473520460057","69183155","detikcom"
"1902405920434614548","Wed Mar 19 17:04:51 +0000 2025","54","Pada tahun 1800 Alessandro Volta membuat kemajuan ilmiah yang inovatif dengan penemuan baterai listriknya yang dia jelaskan dalam sebuah surat kepada Joseph Banks presiden Royal Society of London. Baterai Volta yang dikenal sebagai Voltaic Pile adalah perangkat pertama https://t.co/e1Tr1LawQT","1902405920434614548","https://pbs.twimg.com/media/Gma0GX_aMAAnGd9.jpg","","in","Kota Bandung, Jawa Barat","0","59","0","https://x.com/Pelaripalsu/status/1902405920434614548","232012119","Pelaripalsu"
"1902480386846028147","Wed Mar 19 22:00:45 +0000 2025","210","Dwi Fungsi TNI Belum disyahkan sj RUU TNI mereka sdh mencuri start dg menjadi Petugas utk menghalau para demonstran yg akan menyampaikan aspirasinya ke Gedung DPR. Memang benar kata Mayor Teddy bhw Presiden Prabowo itu alergi demo. Ngeri bingit jirrrrr..... #TolakRUUTNI https://t.co/ks5wYIvhB4","1902480386846028147","https://pbs.twimg.com/ext_tw_video_thumb/1902480327941267457/pu/img/Er9BqYeDdcdUIct_.jpg","","in","Cengkareng, Indonesia","6","14","144","https://x.com/NenkMonica/status/1902480386846028147","1040306964100669440","NenkMonica"
"1901981841026060536","Tue Mar 18 12:59:42 +0000 2025","61","Benarkah kondisi ekonomi Indonesia baik-baik saja? Sejak Prabowo menjadi presiden $IHSG telah turun dari 7700 ke 6050. IHSG dpt dilihat sebagai indikator kesehatan ekonomi Indonesia karena harga saham dipengaruhi oleh kinerja perusahaan ekspektasi pasar faktor makro ekonomi","1901981841026060536","","","in","","0","3","16","https://x.com/harrysofian/status/1901981841026060536","197428680","harrysofian"
"1900438263837401428","Fri Mar 14 06:46:05 +0000 2025","857","Presiden no comment https://t.co/t6CgLsSljf","1900438263837401428","https://pbs.twimg.com/ext_tw_video_thumb/1900438229733855232/pu/img/uOLymCYwKlb2PsDs.jpg","","en","Indonesia ","35","187","219","https://x.com/Mdy_Asmara1701/status/1900438263837401428","1334853481019056128","Mdy_Asmara1701"
"1847848544750981300","Sun Oct 20 03:53:19 +0000 2024","666","Hari ini (20/10/2024) Prabowo Subianto bersama Gibran Rakabuming Raka akan dilantik sebagai Presiden dan Wakil Presiden RI periode 2024-2029. Pelantikan digelar di Gedung Nusantara Komplek Parlemen Senayan Jakarta. Selamat bekerja untuk Presiden dan Wakil Presiden baru https://t.co/k5dWRINA3b","1847848544750981300","https://pbs.twimg.com/media/GaTgc9dbUAAxSBb.jpg","","in","ÎåÄÏ†Ñ","16","142","66","https://x.com/kegblgnunfaedh/status/1847848544750981300","1172167188800655360","kegblgnunfaedh"
"1900738846100517357","Sat Mar 15 02:40:29 +0000 2025","109","Barisan Pemuda RI kaget mantan presiden hanya diam aja lihat kekacauan korupsi besar. padahal punya mulut... Biasanya orang yg diem itu emas beda halnya dgn korupsi emas 5000 triliun di era mantan presiden menjabat 10 tahun lalu https://t.co/kWuX4t85Uy","1900738846100517357","https://pbs.twimg.com/ext_tw_video_thumb/1900738790937030656/pu/img/5H8XwMEAbu9z9ALI.jpg","","in","Jakarta Capital Region","7","62","77","https://x.com/BarisanPemudaRI/status/1900738846100517357","87901651","BarisanPemudaRI"
"1900303771458298063","Thu Mar 13 21:51:39 +0000 2025","2173","Yes or No ??? Aku sihh Yes ... https://t.co/QRjsPaWYrf","1900303771458298063","https://pbs.twimg.com/ext_tw_video_thumb/1899774181862002688/pu/img/aOItB4bbqv5gqtbn.jpg","","in","BARUS  ","33","322","684","https://x.com/PresidenKopi/status/1900303771458298063","1021329195329179648","PresidenKopi"
"1900625078515343491","Fri Mar 14 19:08:25 +0000 2025","13","Malapetaka itu dimulai dari sini !!!! https://t.co/SBquUaZoVZ","1900625078515343491","https://pbs.twimg.com/ext_tw_video_thumb/1900385668364460037/pu/img/lAmfwe34eNjuN5yL.jpg","","in","BARUS  ","0","5","1","https://x.com/PresidenKopi/status/1900625078515343491","1021329195329179648","PresidenKopi"
"1902630876787437601","Thu Mar 20 07:58:44 +0000 2025","2","Keterangan Pers Presiden Prabowo Subianto Usai Resmikan KEK Industropolis Batang Jawa Tengah 20 Maret 2025 Presiden RI Prabowo Subianto mengatakan hari ini telah resminya KEK menjadi tonggak awal dalam melaksanakan pembangunan bangsa melalui hilirisasi dan industrialisasi. Ia https://t.co/jvISVsPmxe","1902630876787437601","https://pbs.twimg.com/ext_tw_video_thumb/1902630789004857344/pu/img/WLCr1bFlZZTA791k.jpg","","in","","0","0","2","https://x.com/Ndons_Back/status/1902630876787437601","1289954556411969537","Ndons_Back"
"1901639188271050863","Mon Mar 17 14:18:07 +0000 2025","592","Hasto : Jokowi yg inisiatif perubahan UU KPK Jokowi : itu kan udah disepakati dgn DPR saya kan gak bisa apa2 Prof Jimly Asshiddiqie : jawaban Jokowi ini ngeles atau denial. Presiden bisa menolak revisi UU KPK yg isinya pelemahan KPK. https://t.co/D24Lo7tnwI","1901639188271050863","https://pbs.twimg.com/ext_tw_video_thumb/1901638943382306816/pu/img/WMxW1EVO_xlrJEAC.jpg","","in","","6","20","183","https://x.com/Bambangmulyonoo/status/1901639188271050863","1296312516901916672","Bambangmulyonoo"
"1902631306179305900","Thu Mar 20 08:00:27 +0000 2025","42","Presiden Prabowo Subianto akan menemui sejumlah investor setelah Indeks Harga Saham Gabungan (IHSG) anjlok ke titik terendah semenjak pandemi Covid-19 pada 18 Maret 2025. #tempodotco #tempo #pasar #saham #IHSG #Prabowo #Luhut https://t.co/B2cQWzI3s2","1902631306179305900","https://pbs.twimg.com/media/GmeA_9ga8AIHR9Y.jpg","","in","Indonesia","17","29","4","https://x.com/tempodotco/status/1902631306179305900","18129942","tempodotco"
"1900428575347708299","Fri Mar 14 06:07:35 +0000 2025","105","Saat razia bahan pokok jelang lebaran banyak ditemukan minyak goreng kurang takaran dan dijual di atas HET Pesan Mentan Amran pd aparat perintah Presiden @prabowo lindungi rakyat kecil jangan tindak pengecer yg cari untung 1000-2000 kejar pabriknya üáÆüá© https://t.co/cMQK4jkB4N","1900428575347708299","https://pbs.twimg.com/ext_tw_video_thumb/1900428373698240513/pu/img/HOLtGrBMvCNd1aMA.jpg","","in","","2","35","22","https://x.com/BANGSAygSUJUD/status/1900428575347708299","1189039138835554304","BANGSAygSUJUD"
"1901978181743112514","Tue Mar 18 12:45:10 +0000 2025","25","Ketua DPR-RI sekaligus Ketua DPP PDIP Puan Maharani menanggapi isu yg menyebut hubungan antara partainya dgn Presiden ke-7 RI Joko Widodo kembali memanas. Menurutnya isu tersebut tak usah ditanggapi yg lebih penting saat ini adalah fokus membangun bangsa bersama https://t.co/S5ega6VA6e","1901978181743112514","https://pbs.twimg.com/ext_tw_video_thumb/1901978055104765952/pu/img/T5_oidM25ax4_bjh.jpg","","in","Jakarta Raya","7","9","21","https://x.com/FirzaHusain/status/1901978181743112514","849562015882465280","FirzaHusain"
"1902611036030869600","Thu Mar 20 06:39:54 +0000 2025","221","bacot lu goblok 0103 voters tuh udah sampe berbusa NGASIH TAU KALO 02 NIH SAMPAH sampe dibikinin infografis YANG MUDAH DIBACA. Emang votersnya aja tolol dan dablek gbs dibilangin skrg giliran gini KEMANA?? ILANG pdhl ini presiden yang mereka pilih","1902611036030869600","","","in","Seoul, Republic of Korea","0","0","70","https://x.com/JAuliay/status/1902611036030869600","383131511","JAuliay"
"1901708528362078641","Mon Mar 17 18:53:39 +0000 2025","16","Dendam sama nyamuk https://t.co/LDjkhCOQ7v","1901708528362078641","https://pbs.twimg.com/amplify_video_thumb/1884128770392743936/img/UfYHzfetaThLZJ_T.jpg","","in","BARUS  ","1","4","2","https://x.com/PresidenKopi/status/1901708528362078641","1021329195329179648","PresidenKopi"
"1902100637539876963","Tue Mar 18 20:51:45 +0000 2025","34","IHSG anjlok. Serahkan saja kepada Wakil Presiden utk menangani.","1902100637539876963","","","in","","1","7","8","https://x.com/saidi_sudarsono/status/1902100637539876963","1372686617471688705","saidi_sudarsono"
"1900245549615636948","Thu Mar 13 18:00:18 +0000 2025","60","Jangan banyak kali aturan mu.. ku giling nanti kau... Pegang pegang pegang ku bilang.. https://t.co/GPrF69KR1I","1900245549615636948","https://pbs.twimg.com/ext_tw_video_thumb/1900241069532389376/pu/img/xj9JpZaZNKZMfjxH.jpg","","in","BARUS  ","2","24","9","https://x.com/PresidenKopi/status/1900245549615636948","1021329195329179648","PresidenKopi"
"1900481798930649224","Fri Mar 14 09:39:04 +0000 2025","23","Kok malah presiden yg disuruh update informasi? https://t.co/9GeG6A3xnm","1900481798930649224","https://pbs.twimg.com/ext_tw_video_thumb/1900370141973725184/pu/img/MyCQpSBV8J9Abtt9.jpg","","in","Indonesia","1","4","7","https://x.com/narkosun/status/1900481798930649224","84221579","narkosun"
"1901568624684323138","Mon Mar 17 09:37:44 +0000 2025","85","Aku gak setuju hal ini. Makin jadi ajang pungli aja jadinya ini nanti. https://t.co/oXZAAWWhQL","1901568624684323138","https://pbs.twimg.com/ext_tw_video_thumb/1901499971213692928/pu/img/InAmlKKBg3Yyy-Wu.jpg","","in","BARUS  ","4","29","34","https://x.com/PresidenKopi/status/1901568624684323138","1021329195329179648","PresidenKopi"
"1900214422519599612","Thu Mar 13 15:56:37 +0000 2025","92","Presiden Prabowo Subianto mengungkapkan rencananya untuk membangun penjara khusus bagi koruptor di sebuah pulau terpencil. / #Prabowo #Penjara #Koruptor https://t.co/OBWYv6k2Yt","1900214422519599612","https://pbs.twimg.com/media/Gl7q67rbYAI0Uqd.jpg","","in","Jakarta","144","337","27","https://x.com/kompascom/status/1900214422519599612","23343960","kompascom"
"1901217324629450783","Sun Mar 16 10:21:47 +0000 2025","6414","Tuh dengerin kata pak presiden! Kenapa rapat harus di hotel??? #TolakRUUTNI https://t.co/K7WpaGpN7Z","1901217324629450783","https://pbs.twimg.com/ext_tw_video_thumb/1901217267297484800/pu/img/tdqrwWuFGysixDL4.jpg","","in","Indonesia ","91","240","2366","https://x.com/Mdy_Asmara1701/status/1901217324629450783","1334853481019056128","Mdy_Asmara1701"
"1902304223863472215","Wed Mar 19 10:20:44 +0000 2025","133","Deklarasi Desa Bersatu mendukung penuh terbentuknya dan suksesnya Koperasi Desa Merah Putih. Bersama Presiden Prabowo Subianto Koperasi Bangkit! https://t.co/Crcpk0URan","1902304223863472215","https://pbs.twimg.com/ext_tw_video_thumb/1902304199913959424/pu/img/N4fwC9NBUvBB7DSX.jpg","","in","","7","54","34","https://x.com/Ndons_Back/status/1902304223863472215","1289954556411969537","Ndons_Back"
"1901568834706014257","Mon Mar 17 09:38:34 +0000 2025","22","Presiden Prabowo Subianto mengundang ratusan rektor &amp; dekan universitas seluruh Indonesia ke istana negara untuk berdiskusi. Momen ini merupakan sejarah pertama kalinya presiden mengundang rektor dan pimpinan seluru perguruan tinggi untuk berdiskusi. Presiden Prabowo https://t.co/9HvWA4NUPu","1901568834706014257","https://pbs.twimg.com/ext_tw_video_thumb/1901567449952321536/pu/img/l-OY753hzG5XA-76.jpg","","in","Pulo Gadung, Indonesia","1","30","7","https://x.com/tvOneNews/status/1901568834706014257","55507370","tvOneNews"
"1901166303081345240","Sun Mar 16 06:59:03 +0000 2025","234","Sementara segelintir akun sibuk menarasikan Indonesia Gelap eh para pengusaha dan dunia malah sebaliknya Mereka justru melihat Indonesia sedang menyingsing di era Presiden @prabowo Kekaguman asing atas pencapaian Indonesia sangat tinggi üáÆüá© Denger ini biar +wawasan para bro https://t.co/qGssDx444v","1901166303081345240","https://pbs.twimg.com/ext_tw_video_thumb/1901166252024098817/pu/img/f2VAhoefcFx1i3U2.jpg","","in","","20","209","60","https://x.com/BANGSAygSUJUD/status/1901166303081345240","1189039138835554304","BANGSAygSUJUD"
"1900463376905728085","Fri Mar 14 08:25:52 +0000 2025","233","Pansos ke SYJ? * Seo dipuji oleh presiden moon sebagai representasi penyanyi &amp; pride of the nation. * Host konser perdamaian pyongyang yg bersejarah dan pemimpin kelompok artis korea selatan. *Para veteran industri musik teater musikal &amp;akting berbaris menyambut Seohyun. https://t.co/ZjVrdfLeY7","1900463376905728085","https://pbs.twimg.com/media/Gl_M4rGagAAEiuS.jpg","","in","","4","12","46","https://x.com/pixie_du5ty/status/1900463376905728085","1442105847581065222","pixie_du5ty"
"1899649047008350378","Wed Mar 12 02:30:01 +0000 2025","8","Presiden Prabowo mengumumkan pemberian Tunjangan Hari Raya (THR) Lebaran 2025 bagi seluruh ASN TNI dan Polri. THR tersebut mulai dicairkan hari Senin (17/3). https://t.co/4SY8sGrKeT","1899649047008350378","https://pbs.twimg.com/ext_tw_video_thumb/1899572832910364672/pu/img/cO8eYn4TDOn1bKHu.jpg","","in","","0","3","5","https://x.com/detikcom/status/1899649047008350378","69183155","detikcom"
"1900070738427781500","Thu Mar 13 06:25:40 +0000 2025","187","Kenapa cowo kalo lagi bareng bisa bikin kita ngerasa disayang banget tapi kalo dichat busetttt dah sibuknya kaya Presiden","1900070738427781500","","","in","","0","196","3","https://x.com/Tolormolor/status/1900070738427781500","711517136645132288","Tolormolor"
"1899566670106239367","Tue Mar 11 21:02:41 +0000 2025","16","Selamat Sahur! Selamat untuk para ASN PNS PPPK Hakim TNI Polri dan Pensiunan Presiden Prabowo Umumkan THR dan Gaji ke 13 https://t.co/dpU03QCHaW","1899566670106239367","https://pbs.twimg.com/ext_tw_video_thumb/1899566625302732800/pu/img/OaTbmF1vc5uxYVXq.jpg","","in","Indonesia","4","6","8","https://x.com/negativisme/status/1899566670106239367","43486890","negativisme"
"1899737224855630209","Wed Mar 12 10:48:04 +0000 2025","1081","@ireneclaire202 Kata presiden Prabowo kemarin tersedia lapangan kerja banyak banget tapi itu cuman omong-omon... wkwkwk makan tuuh presiden yg kalian pilih","1899774384438722853","","ireneclaire202","in","","7","31","67","https://x.com/youadams_/status/1899774384438722853","724300953709502464","youadams_"
"1900092201700647036","Thu Mar 13 07:50:57 +0000 2025","6","Mantan Presiden Filipina Rodrigo Duterte buka suara usai ditangkap ICC melalui sebuah pesan video yang direkam dari dalam pesawat menuju Den Haag Belanda. ~LL #RodrigoDuterte #ICC https://t.co/03w87Hxb2b","1900092201700647036","https://pbs.twimg.com/amplify_video_thumb/1900090443804925955/img/njdo2c2WnLX-1aDG.jpg","","in","Jakarta","0","1","1","https://x.com/kompascom/status/1900092201700647036","23343960","kompascom"
"1900066102539149567","Thu Mar 13 06:07:15 +0000 2025","16","Presiden Prabowo Subianto menggelar buka puasa bersama dengan Menteri Keuangan Sri Mulyani di Istana Negara pada Rabu (13/3). Ketika ditanya soal isu dirinya akan mengundurkan diri dari kabinet Sri Mulyani hanya tersenyum. #menterikeuangan #srimulyani #prabowosubianto https://t.co/9Rymkr919A","1900066102539149567","https://pbs.twimg.com/ext_tw_video_thumb/1900066059106861056/pu/img/1c6hrtDwR5gLo0Ez.jpg","","in","","0","2","1","https://x.com/Metro_TV/status/1900066102539149567","57261519","Metro_TV"
"1902559201223921930","Thu Mar 20 03:13:56 +0000 2025","58","Presiden Prabowo Akhirnya Turun Tangan Perintahkan TNI-Polri Tertibkan Ormas yang Bikin Resah Investor. ~SA #PrabowoSubianto #Ormas #TNI #Polri https://t.co/mtxVm3bcBa","1902559201223921930","","","in","Jakarta","20","49","15","https://x.com/kompascom/status/1902559201223921930","23343960","kompascom"
"1902631427843272821","Thu Mar 20 08:00:56 +0000 2025","4","Presiden Prabowo ingin membangun Kawasan Ekonomi Khusus (KEK) di setiap provinsi setelah meresmikan KEK Industropolis Batang. #bisnisupdate #update #bisnis #oneliner https://t.co/Ipf26LweE6 https://t.co/7dCs5hoQEU","1902631427843272821","https://pbs.twimg.com/media/GmeBD6aXUAAuHPO.jpg","","in","","2","0","4","https://x.com/kumparan/status/1902631427843272821","759692754985242625","kumparan"
"1900717783945802173","Sat Mar 15 01:16:47 +0000 2025","322","medioker adalah dampak dari slot yang terbatas. ga mungkin semua temen lu yang mau jadi presiden bakal jadi presiden. kecuali temen lu cucunya presiden.. https://t.co/EbRpuUD5jw","1900717783945802173","https://pbs.twimg.com/ext_tw_video_thumb/1900717624251834368/pu/img/eH-1FBfPleODg5NF.jpg","","in","","1","6","50","https://x.com/firufd/status/1900717783945802173","168430233","firufd"
"1902246776230314116","Wed Mar 19 06:32:28 +0000 2025","196","kalo kita baik ke orang orang lain akan jadi presiden dan kita gini gini aja","1902246776230314116","","","in","","0","214","0","https://x.com/saintgerl/status/1902246776230314116","1328300941","saintgerl"
"1900535776548442261","Fri Mar 14 13:13:34 +0000 2025","29","Save aja dulu.. prakteknya kapan¬≤. Semoga bermanfaat . https://t.co/4oj6wKJJrT","1900535776548442261","https://pbs.twimg.com/ext_tw_video_thumb/1894326810164273152/pu/img/SPNbq9lxYbGwKS5D.jpg","","in","BARUS  ","0","2","5","https://x.com/PresidenKopi/status/1900535776548442261","1021329195329179648","PresidenKopi"
"1900617221740908876","Fri Mar 14 18:37:12 +0000 2025","9555","Dosen UI ini bilang Jkw adalah Presiden terburuk yang dikirim dari Neraka ke Bumi https://t.co/2DGQzEs1aM","1900617221740908876","https://pbs.twimg.com/ext_tw_video_thumb/1900617166447104000/pu/img/b8Pp_zMXeuly5U4p.jpg","","in","Jabodetabek, Indonesia","73","559","2386","https://x.com/Andria75777/status/1900617221740908876","1667233216091279363","Andria75777"
"1901572138416382061","Mon Mar 17 09:51:41 +0000 2025","134","Presiden Prabowo Subianto meresmikan pabrik Precious Metal Refinery (PMR) milik PT Freeport Indonesia yang berada di Gresik Jawa Timur https://t.co/lQZIEC89CH","1901572138416382061","https://pbs.twimg.com/ext_tw_video_thumb/1901572048050417665/pu/img/2QQ9q2pv4RNgScbG.jpg","","in","","0","5","31","https://x.com/Ndons_Back/status/1901572138416382061","1289954556411969537","Ndons_Back"
"1900873335615222171","Sat Mar 15 11:34:54 +0000 2025","41","Pernyataan paling lucu dari pendukung Anies yang paling setia dan paling glowing Anies dipersiapkan Allah bukan untuk jadi presiden apalagi gubernur. Tapi Anies dipersiapkan Allah di dunia internasional. Kira Kira sebagai apa ya..??? Tolong bantu jawab ya net.. Tapi https://t.co/p35xVTyfYi","1900873335615222171","https://pbs.twimg.com/amplify_video_thumb/1900873273002651650/img/ft8rNJkoIl2o0_aX.jpg","","in","Sweet home","3","25","14","https://x.com/__LOVE_AG4EVER/status/1900873335615222171","799023207294504960","__LOVE_AG4EVER"
"1902401045478900137","Wed Mar 19 16:45:28 +0000 2025","49","Anak Abah Super lebay cuzx!!!... Yg sebut Presiden Pake nama binatang aman2 aja...yg mau tembak Presiden aman2 aja...yg edit foto Prabowo-Gibran menikah aman2 aja","1902401045478900137","","","in","","0","7","10","https://x.com/tham878/status/1902401045478900137","1759100655783043072","tham878"
"1900957971221541140","Sat Mar 15 17:11:13 +0000 2025","25","Tutup ulang.. Jangan sampai malapetaka terjadi lagi dinegeri ini. Cukup sekali karena udah nyusahi negara.. Bahaya. Semua ini karena gorong gorong. https://t.co/EepxUYOIGF","1900957971221541140","https://pbs.twimg.com/ext_tw_video_thumb/1900906032484020227/pu/img/YBBQLPBLZF6iQuah.jpg","","in","BARUS  ","0","4","6","https://x.com/PresidenKopi/status/1900957971221541140","1021329195329179648","PresidenKopi"
"1902322293998809227","Wed Mar 19 11:32:32 +0000 2025","21","OPOSISI PURAK-PURAK Mpe hadap Presiden dulu #TolakRUUTNI #IndonesiaGelap #HitamKamisJumat https://t.co/1ujYqXa3Xc","1902322293998809227","https://pbs.twimg.com/media/GmZoCjFa0AAVn1r.jpg","","in","Jakarta Capital Region","0","9","9","https://x.com/Duren___/status/1902322293998809227","1501606510979256323","Duren___"
"1900487079731347966","Fri Mar 14 10:00:03 +0000 2025","10","Ketua Harian DPP Gerindra Sufmi Dasco Ahmad membantah isu Menteri Keuangan Sri Mulyani akan direshuffle oleh Presiden Prabowo Subianto. https://t.co/QNjsopFsw9","1900487079731347966","https://pbs.twimg.com/ext_tw_video_thumb/1900435451028398083/pu/img/R0xfz5KGmhHoq6Qc.jpg","","in","","1","1","3","https://x.com/detikcom/status/1900487079731347966","69183155","detikcom"
"1899614460395864302","Wed Mar 12 00:12:35 +0000 2025","279","Our hero presidenüá™üá∑ Red Seaüá™üá∑üá∏üá¶üá™üá¨üá∏üá©üá∏üá¥üá©üáØüáæüá™üáØüá¥ https://t.co/zyWqiRwXHU","1899614460395864302","https://pbs.twimg.com/ext_tw_video_thumb/1899613357537161216/pu/img/L2fc_00ksphBg9Ft.jpg","","en","","3","3","159","https://x.com/GirmaTelk/status/1899614460395864302","1526911658756558848","GirmaTelk"
"1900551923255886252","Fri Mar 14 14:17:43 +0000 2025","1260","Warga tetangganya Rw RT Dusun Kades/Lurah Camat Bupati Gubernur dan Presiden akan bertanggung jawab dihadapan Allah. https://t.co/bgviwOMosT","1900551923255886252","https://pbs.twimg.com/ext_tw_video_thumb/1900551887348502528/pu/img/1OWz10sIO1zPuizb.jpg","","in","Tasikmalaya, Jawa Barat","12","64","490","https://x.com/penaikhwan/status/1900551923255886252","1353029606551351298","penaikhwan"
"1902474752671027500","Wed Mar 19 21:38:21 +0000 2025","138","Kau mengerahkan peralatan tempur untuk rakyatmu sendiri Presiden @prabowo? Seperti ini kau ingin dikenang?","1902474752671027500","","","in","","2","3","49","https://x.com/karimnas_/status/1902474752671027500","4895949967","karimnas_"
"1902541215977111804","Thu Mar 20 02:02:28 +0000 2025","209","Thn2019 di Istana Presiden Jokowi dgn gagah perkasa mengatakan bhw kejahatan seksu4l kpd anak adlh kejahatan luar biasa! Tp pagi kedele sore tempe! Bbrp bln berselang Presiden Jokowi memberikan grasi kpd predator seksu4l anak asal Kanada! Saya jijik! https://t.co/ZFiQ2Aj9mw https://t.co/zvyqN3ehSo","1902541215977111804","https://pbs.twimg.com/amplify_video_thumb/1902541117926862849/img/aiLl1geaKTPVejlV.jpg","","in","Indonesia","1","9","83","https://x.com/ILCTalkshow/status/1902541215977111804","2421762716","ILCTalkshow"
"1901616674908090567","Mon Mar 17 12:48:40 +0000 2025","770","Mahal Konteks: dia adalah presiden negara filipina waktu menjabat dia sering menjatuhkan hukuman m*ti ribuan orang pengedar narkoboy tanpa diadili di negaranya. Setelah dia selesai menjabat dia mendapat banyak protes krena melanggar ham dan dia dgn tegas menolak meminta https://t.co/HeUdhc71oc","1901616674908090567","https://pbs.twimg.com/media/GmPmSFgbsAAA7iu.jpg","","in","ÎåÄÏ†Ñ","4","42","71","https://x.com/kegblgnunfaedh/status/1901616674908090567","1172167188800655360","kegblgnunfaedh"
"1900210208208740704","Thu Mar 13 15:39:52 +0000 2025","21","Presiden Prabowo Subianto meminta agar birokrat yang tidak mengikuti perkembangan zaman harus dievaluasi. / #Prabowo #Birokrat https://t.co/NO9QeIQh2Y","1900210208208740704","","","in","Jakarta","6","17","3","https://x.com/kompascom/status/1900210208208740704","23343960","kompascom"
"1900833095265161397","Sat Mar 15 08:55:00 +0000 2025","23","Tegas! Presiden Prabowo ke ASN: Bekerja Jangan Seenaknya https://t.co/YSZx4y8TMB","1900833095265161397","","","in","Indonesia","4","42","6","https://x.com/KompasTV/status/1900833095265161397","71436318","KompasTV"
"1900129905985413201","Thu Mar 13 10:20:46 +0000 2025","1621","Presiden Prabowo Subianto geram dengan koruptor yang maling uang negara. Prabowo ingin membangun penjara untuk para koruptor agar tak bisa kabur! https://t.co/ukuHlDFv1Z","1900129905985413201","","","in","","468","2454","278","https://x.com/detikcom/status/1900129905985413201","69183155","detikcom"
"1902003018088042743","Tue Mar 18 14:23:51 +0000 2025","24","Presiden Prabowo: Indonesia Harus Masuk Piala Dunia Itu Tekad Kita! https://t.co/HWT3FPc3QV","1902003018088042743","","","in","Indonesia","4","49","4","https://x.com/KompasTV/status/1902003018088042743","71436318","KompasTV"
"1900425262841422309","Fri Mar 14 05:54:25 +0000 2025","71912","Ada orang ngotot ingin jadi Presiden sampe nyalon 4x tapi TIDAK BECUS KERJA setelah terpilih.","1900425262841422309","","","in","gag city","386","276","25914","https://x.com/itsquaileggs/status/1900425262841422309","1426887455265812483","itsquaileggs"
"1900787396620546183","Sat Mar 15 05:53:24 +0000 2025","15","Geram! Ini Alasan Presiden Prabowo Ingin Buat Penjara Koruptor di Pulau Terpencil https://t.co/HAJmIXqzi1","1900787396620546183","","","in","Indonesia","2","43","3","https://x.com/KompasTV/status/1900787396620546183","71436318","KompasTV"
"1899759127800459308","Wed Mar 12 09:47:26 +0000 2025","134","Indonesia Gelap? SALAH Ô∏èÔ∏è Ô∏è menurut anak2 muda ini Mereka penerang dunia Kelompok yg terbentuk 2022¬†itu kerap melakukan aksi-aksi heroik membersihkan tempat kotor penuh sampah; sungai selokan lahan tanpa bantuan pemerintah Presiden @prabowo bangga bertemu mereka https://t.co/N1QLjCBBFj","1899759127800459308","https://pbs.twimg.com/ext_tw_video_thumb/1899759058246402049/pu/img/K9u-AHCnQiWnOxLD.jpg","","in","","10","94","18","https://x.com/BANGSAygSUJUD/status/1899759127800459308","1189039138835554304","BANGSAygSUJUD"
"1900488558806548622","Fri Mar 14 10:05:56 +0000 2025","103","Ini yg buat rakyat dan Presiden @prabowo makin murka Korupsi dg modus UANG ZAKAT merugikan negara 11 7 Trilyun Setiap perusahaan yg mendapatkan kredit dari LPEI/EXIMBANK INDONESIA diminta membayar uang zakat 2 5 -5% Salut kpd @KPK_RI sigap GULUNG modus ini https://t.co/2ZWASJOvbX","1900488558806548622","https://pbs.twimg.com/ext_tw_video_thumb/1900488474563936256/pu/img/yS97Q3AW5J_qvEeg.jpg","","in","","4","31","43","https://x.com/BANGSAygSUJUD/status/1900488558806548622","1189039138835554304","BANGSAygSUJUD"
"1900693506588635162","Fri Mar 14 23:40:19 +0000 2025","22","Dan terjadi lagi.. PATWAL AROGAN !!!!! https://t.co/6iyrBiGOcY","1900693506588635162","https://pbs.twimg.com/ext_tw_video_thumb/1900527333905244160/pu/img/msU7N816QCDHP831.jpg","","in","BARUS  ","1","3","9","https://x.com/PresidenKopi/status/1900693506588635162","1021329195329179648","PresidenKopi"
"1901667671810433462","Mon Mar 17 16:11:18 +0000 2025","143","Alhamdulillah rezeki materi sudah banyak semoga dipercepat dapat jodoh lagi usia dah 35 tahun udh selayaknya dpt pendamping hidup. Pak @prabowo termasuk zhalim klo gak mendorong Mayor Teddy menikah lagi. Jangan semua waktunya untuk urusan assistensi presiden! https://t.co/ZWAiGm5vEw","1901667671810433462","https://pbs.twimg.com/media/GmQTmjYasAAZ05Z.jpg","","in","Warteg","3","25","29","https://x.com/BosPurwa/status/1901667671810433462","1068371293290946561","BosPurwa"
"1901729872780919260","Mon Mar 17 20:18:28 +0000 2025","20","Polisi mengamankan genk motor dan salah satu pelaku. https://t.co/ISInDKmBfV","1901729872780919260","https://pbs.twimg.com/ext_tw_video_thumb/1901727576063975424/pu/img/8XcfYOzuuAwIdqL-.jpg","","in","BARUS  ","0","3","2","https://x.com/PresidenKopi/status/1901729872780919260","1021329195329179648","PresidenKopi"
"1902350457533821074","Wed Mar 19 13:24:27 +0000 2025","70"," Angkatan Perang Tidak Boleh Ikut-ikut Politik..! kata Presiden Soekarno. #Ngik https://t.co/TGQWioLlih","1902350457533821074","https://pbs.twimg.com/ext_tw_video_thumb/1902313752877481984/pu/img/j3zXbMOUSUFwMgC7.jpg","","in","Indonesia","1","4","34","https://x.com/HumorJonTampan/status/1902350457533821074","257090687","HumorJonTampan"
"1901606618103746797","Mon Mar 17 12:08:42 +0000 2025","25","Presiden Prabowo perintahkan CASN diangkat paling lambat Juni dan untuk PPPK Oktober 2025. Tetap fokus #TolakRevisiUUTNI https://t.co/zZA43tidVs","1901606618103746797","https://pbs.twimg.com/ext_tw_video_thumb/1901606568195756033/pu/img/kWaFWM9RWkjB5Don.jpg","","in","Seberang Rumah Pak Lurah","0","14","2","https://x.com/AlnilamOmar/status/1901606618103746797","1649686141757722626","AlnilamOmar"
"1900795691150307686","Sat Mar 15 06:26:22 +0000 2025","9","Presiden AS Donald Trump mengungkapkan negosiasi gencatan senjata antara Rusia dan Ukraina sedang berlangsung dan kemungkinan besar akan segera terwujud. | #GencatanSenjata #DonaldTrump #Rusia #Ukraina https://t.co/kPEMIejGjX","1900795691150307686","https://pbs.twimg.com/media/GmD7Ko_aUAAJuD7.jpg","","in","Jakarta","0","1","0","https://x.com/kompascom/status/1900795691150307686","23343960","kompascom"
"1899737647725338845","Wed Mar 12 08:22:05 +0000 2025","116","Hai #SobatSetneg! Kali ini Presiden Prabowo mengumumkan kebijakan pemberian THR &amp; gaji ke-13 bagi 9 4 juta aparatur negara termasuk ASN Pegawai Pemerintah dengan Perjanjian Kerja(PPPK) hakim prajurit TNI dan Polri serta para pensiunan!‚Äç‚Äç #SobatSetneg penasaran dengan https://t.co/ucixQz8CSR","1899737647725338845","https://pbs.twimg.com/ext_tw_video_thumb/1899737534688882689/pu/img/SxV6zHiqHdzTFpCv.jpg","","in","Jakarta Pusat, DKI Jakarta","1","28","25","https://x.com/KemensetnegRI/status/1899737647725338845","3522129133","KemensetnegRI"
"1900328127496409161","Thu Mar 13 23:28:26 +0000 2025","45","Warga Negara Asing (WNA) asal China bernama Zhang Nanchang kini ditahan di Kantor Imigrasi Bandar Lampung. Zhang tertangkap warga sebelum diserahkan polisi karena menjual emas palsu seberat 6 kilogram. https://t.co/h4xzqFCQfG","1900328127496409161","https://pbs.twimg.com/ext_tw_video_thumb/1899934174347485186/pu/img/8zdC7W4j3EmLjL1_.jpg","","in","BARUS  ","2","7","23","https://x.com/PresidenKopi/status/1900328127496409161","1021329195329179648","PresidenKopi"
"1902341796723937769","Wed Mar 19 12:50:02 +0000 2025","7110","Soal Program 3 Juta Rumah Ketum REI: Presiden Prabowo Sudah Tidak Antusias https://t.co/49daF5hYW0","1902341796723937769","","","in","Indonesia","2359","684","1386","https://x.com/tempodotco/status/1902341796723937769","18129942","tempodotco"
"1899978011396706418","Thu Mar 13 00:17:12 +0000 2025","415","Tanya lain jawab lain Tu yg nk pertahan jawatan presiden pas sehingga 2050.. https://t.co/ukgXZJ06z8","1899978011396706418","https://pbs.twimg.com/ext_tw_video_thumb/1899977955566080001/pu/img/CbBZteW7WdP6DD_7.jpg","","in","Inner Mongolia, People's Repub","17","48","125","https://x.com/apanakdikato/status/1899978011396706418","276003527","apanakdikato"
"1900914118644965547","Sat Mar 15 14:16:57 +0000 2025","22","Kumpulan video highlight kegiatan Presiden Wakil Presiden Menteri Sekretaris Negara dan Kementerian Sekretariat Negara selama sepekan Edisi 8 s.d 15 Maret 2025 #KemensetnegRI #SetnegSepekan https://t.co/LxvtqMdJdt","1900914118644965547","https://pbs.twimg.com/ext_tw_video_thumb/1900913936171757570/pu/img/fCcFKfiEiqidhLie.jpg","","in","Jakarta Pusat, DKI Jakarta","1","5","8","https://x.com/KemensetnegRI/status/1900914118644965547","3522129133","KemensetnegRI"
"1899824648587485421","Wed Mar 12 14:07:47 +0000 2025","129","Beli peluru dari uang rakyat.. Peluru itu juga yg buat ditembakan sama rakyat sampe rakyat meregang nyawa. Mengerikan sekali negeri ini. https://t.co/naRu0NqL8U","1899824648587485421","https://pbs.twimg.com/ext_tw_video_thumb/1899820238327382016/pu/img/j0e5HTZpmzzIflA8.jpg","","in","BARUS  ","3","7","103","https://x.com/PresidenKopi/status/1899824648587485421","1021329195329179648","PresidenKopi"
"1902545402236383652","Thu Mar 20 02:19:06 +0000 2025","613","Jangan sampai kekuatan rakyat sipil kalah dengan para oknum pemegang senpi yang hobinya mengintimidasi! Selamat berjuang para atasan Presiden Indonesia! #TolakRUUTNI https://t.co/JFoRhk90bq","1902545402236383652","https://pbs.twimg.com/media/Gmcy8tma8AI8Kvd.jpg","","in","Di hatinya Aurellia ü•∞","0","0","248","https://x.com/JKT48Terbaik/status/1902545402236383652","1364105415705776128","JKT48Terbaik"
"1902004567090352624","Tue Mar 18 14:30:00 +0000 2025","43","Presiden Amerika Serikat Donald Trump tiba-tiba membekukan media yang telah beroperasi selama puluhan tahun. Media-media yang didanai AS itu telah lama dianggap penting untuk melawan serangan informasi Rusia dan China. https://t.co/8sZ6NKtq3m","1902004567090352624","https://pbs.twimg.com/ext_tw_video_thumb/1901937454338510849/pu/img/vVN5Lm9LTDLPLiLK.jpg","","in","","4","9","25","https://x.com/detikcom/status/1902004567090352624","69183155","detikcom"
"1902665096733536753","Thu Mar 20 10:14:43 +0000 2025","8","Janji-janji tinggal janji hanya mimpi... https://t.co/Z4paOkDmjl","1902665096733536753","","","in","Indonesia","1","2","4","https://x.com/hansssolo/status/1902665096733536753","219548433","hansssolo"
"1902281619618328909","Wed Mar 19 08:50:55 +0000 2025","80","Bagi Presiden @prabowo setiap jiwa anak bangsa sangat berharga Wajib dilindungi di belahan bumi manapun berpijak Dikomandoi Kemenlu Pemerintah memulangkan 554 WNI korban perdagangan orang dari Myanmar Mereka tidak sendiri negara hadir üáÆüá© Tangis pecah setiba di tanah air https://t.co/rWZHRokW8q","1902281619618328909","https://pbs.twimg.com/ext_tw_video_thumb/1902281498801401858/pu/img/VD8QqGOQlx63FU4y.jpg","","in","","5","27","28","https://x.com/BANGSAygSUJUD/status/1902281619618328909","1189039138835554304","BANGSAygSUJUD"
"1902603766538584504","Thu Mar 20 06:11:01 +0000 2025","15","Presiden Xi Jinping tolong hantarkan rudal Dongfeng ke gedung itu Presiden Xi jika anda bisa mendengarkan kami tolong... https://t.co/PzI3KHUWB9","1902603766538584504","https://pbs.twimg.com/media/GmdoCwhagAAvRCr.jpg","","in","Indonesia","0","2","4","https://x.com/YudanFhikri/status/1902603766538584504","1613000127505141767","YudanFhikri"
"1899836326717038855","Wed Mar 12 14:54:12 +0000 2025","9","Wakil Presiden RI Gibran Rakabuming Raka memberikan tanggapan terkait penundaan pengangkatan CASN yang menjadi perbincangan hangat. / #CASN2024 #CPNS2024 #Gibran https://t.co/bIn4h45BdF","1899836326717038855","https://pbs.twimg.com/media/Gl2TAn0bIAA9Vpr.jpg","","in","Jakarta","0","1","0","https://x.com/kompascom/status/1899836326717038855","23343960","kompascom"
"1902245695316476041","Wed Mar 19 06:28:10 +0000 2025","32","Presiden PAS Abdul Hadi Awang menyelar pihak yang berlumba-lumba memberikan sambutan positif terhadap pendirian DAP supaya jawatan perdana menteri dihadkan kepada 10 tahun. Tidak menamakan pihak itu secara khusus dia berkata mereka seolah-olah lupa jahil atau tidak https://t.co/6kzCqLz9I8","1902245695316476041","https://pbs.twimg.com/media/GmYiYFIawAAG9xq.jpg","","in","Kuala Lumpur","15","72","3","https://x.com/mkini_bm/status/1902245695316476041","18714463","mkini_bm"
"1899811017879929022","Wed Mar 12 13:13:38 +0000 2025","97","Sudahlah Pace tidak perlu menyalahkan rezim Jokowi Jokowi itu Presiden terbaik sepanjang sejarah berdiri-nya RI. Kalau tidak percaya silahkan tanya para pendukungnya https://t.co/iIjaY2Dvdt","1899811017879929022","https://pbs.twimg.com/media/Gl18C4VaMAAGJgr.jpg","","in","PLUIT","4","32","31","https://x.com/KangManto123/status/1899811017879929022","947632364003368961","KangManto123"
"1901556945724526749","Mon Mar 17 08:51:19 +0000 2025","929","Suasana Stadion Maguwoharjo Senin (17/3/2025) sore. Terpantau sekopnya sudah ketemu ndak ada bongkaran lagi. Maguwoharjo menjadi satu dari tujuh belas stadion yang diresmikan hari ini oleh Presiden Prabowo. https://t.co/U4sJMtGnfo","1901556945724526749","https://pbs.twimg.com/amplify_video_thumb/1901556868184780800/img/6y1PeJkj8aAeLbdP.jpg","","in","√úT: -7.769118,110.394287","10","48","63","https://x.com/FXHarminanto/status/1901556945724526749","75503531","FXHarminanto"
"1899676010595123643","Wed Mar 12 04:17:09 +0000 2025","131","Pigai bantah pernyataan menristekdisti yg bilang Prabowo alergi demonstrasi bos mending urus HAM ajalah jng malah kayak jadi jubir presiden https://t.co/jadq7MG3rp","1899676010595123643","https://pbs.twimg.com/ext_tw_video_thumb/1899675573628358656/pu/img/gVdBR7Ix9K8jFT1s.jpg","","in","Zimbabwe ","2","29","38","https://x.com/V3g3L/status/1899676010595123643","224431376","V3g3L"
"1901103853044629859","Sun Mar 16 02:50:54 +0000 2025","127","Presiden @prabowo disebut tidak perhatian pada dunia pendidikan yg terjadi beliau mendengarkan masukan dr para rektor termasuk diantaranya usulan untuk menaikkan dana riset dan pengembangan utk bekerjasama dengan BUMN sehingga nyata hasilnya Jadi paham fungsi efisiensi utk apa https://t.co/qs326OL0ed","1901103853044629859","https://pbs.twimg.com/ext_tw_video_thumb/1901103822099148801/pu/img/-rIWTnzcOv4MxBIv.jpg","","in","","4","59","42","https://x.com/are_inismyname/status/1901103853044629859","1152447574411902977","are_inismyname"
"1902650969655292367","Thu Mar 20 09:18:35 +0000 2025","57"," malah nyalahin pemilih 02 ya salahin nomer 2 nya lah bukan PEMILIHNYA KONTOL 02 BISA JDI PRESIDEN KARNA LU PADA MILIH DIA BEGO.. LU PIKIR 02 BISA JADI PRESIDEN GARA APA?? HOMPIMPA?? GOBLOK PUNYA OTAK KOK IDOT BGT NAJIS","1902650969655292367","","","in","they/them","0","5","15","https://x.com/pacaarmikasa/status/1902650969655292367","1418327344566001667","pacaarmikasa"
"1901887415763312757","Tue Mar 18 06:44:29 +0000 2025","13","Pemerintah Indonesia tengah mempersiapkan skema pembentukan Koperasi Desa Merah Putih setelah Presiden Prabowo Subianto menginstruksikan pembentukannya dalam rapat di Istana Kepresidenan ~SA #Koperasi #KoperasiMerahPutri #PrabowoSubianto https://t.co/VMgVB744jE","1901887415763312757","","","in","Jakarta","8","34","4","https://x.com/kompascom/status/1901887415763312757","23343960","kompascom"
"1900513527519195461","Fri Mar 14 11:45:09 +0000 2025","967","Pesantren dan Madrasah selalu dianaktirikan oleh negara. Semoga keluhan pak kiai Menag ini sampai kepada pak Presiden @prabowo https://t.co/CnhoD58IW8","1900513527519195461","https://pbs.twimg.com/ext_tw_video_thumb/1900512978623234048/pu/img/gR-Fx1uTFnG-tT03.jpg","","in","Pesantren, Indonesia","22","42","313","https://x.com/PojokNU/status/1900513527519195461","940093636091322373","PojokNU"
"1902258695037153509","Wed Mar 19 07:19:49 +0000 2025","83","Presiden Prabowo Subianto dianggap tidak lagi antusias dengan program 3 juta rumah. ~SA #PrabowoSubianto #Program3JutaRumah #JanjiKampanye https://t.co/OUPBtPJ5Tn","1902258695037153509","","","in","Jakarta","8","21","35","https://x.com/kompascom/status/1902258695037153509","23343960","kompascom"
